
DROP TABLE IF EXISTS `adv`;
CREATE TABLE `adv` (
  `adv_id` bigint(20) NOT NULL auto_increment,
  `adv_name` varchar(255) NOT NULL default '',
  `adv_text` text NOT NULL,
  `adv_status` enum('Active','Inactive') NOT NULL default 'Active',
  PRIMARY KEY  (`adv_id`)
) ENGINE=MyISAM DEFAULT CHARSET=latin1 AUTO_INCREMENT=9 ;

-- 
-- Dumping data for table `adv`
-- 

INSERT INTO `adv` (`adv_id`, `adv_name`, `adv_text`, `adv_status`) VALUES 
(1, 'home_top_banner', '<b>Welcome to PROBE TV, where you can view, upload & share videos!</b><br><br>\r\nTo view videos, sign in! Not a member yet? Sign up or take a tour of the site by logging in as:<br>\r\nUsername: guest<br>\r\nPassword: probe', 'Active'),
(2, 'foot_top_banner', '<TABLE BGCOLOR=#000000 WIDTH=100% ALIGN=center border=0>\r\n<TR>\r\n  <TD align=center >\r\n   <font color=#ff0000>\r\n     Foot Top Advertise\r\n   </font>\r\n  </TD>\r\n</TR>\r\n</TABLE>', 'Active'),
(6, 'foot_bottom_banner', '<i>This is footer bottom banner</i>', 'Active'),
(3, 'home_right_box', '<TABLE CELLPADDING=0 CELLSPACING=0 BORDER=0 WIDTH=100% BGCOLOR=#FFFFFF>\r\n		<TR>\r\n			<TD >\r\n				Ads Here\r\n			</TD>\r\n		</TR>\r\n		</TABLE>', 'Inactive'),
(4, 'video_right_single', 'Ad space', 'Active'),
(5, 'home_top_single', 'Home Top Single Ads', 'Active'),
(7, 'resolution_based_left_add', 'This is my left side ads', 'Active'),
(8, 'resolution_based_right_add', 'This is my right side ads', 'Active');

-- --------------------------------------------------------

-- 
-- Table structure for table `audio`
-- 

DROP TABLE IF EXISTS `audio`;
CREATE TABLE `audio` (
  `VID` bigint(20) NOT NULL auto_increment,
  `UID` bigint(20) NOT NULL default '0',
  `title` varchar(120) NOT NULL default '',
  `description` text NOT NULL,
  `featuredesc` text NOT NULL,
  `keyword` text NOT NULL,
  `channel` varchar(255) NOT NULL default '0|',
  `vdoname` varchar(40) NOT NULL default '',
  `flvdoname` varchar(40) default NULL,
  `duration` float NOT NULL default '0',
  `type` varchar(7) NOT NULL default '',
  `addtime` varchar(20) default NULL,
  `adddate` date NOT NULL default '0000-00-00',
  `record_date` date NOT NULL default '0000-00-00',
  `location` text NOT NULL,
  `country` varchar(120) NOT NULL default '',
  `vkey` varchar(20) NOT NULL default '',
  `viewnumber` bigint(10) NOT NULL default '0',
  `viewtime` datetime NOT NULL default '0000-00-00 00:00:00',
  `com_num` int(8) NOT NULL default '0',
  `fav_num` int(8) NOT NULL default '0',
  `featured` char(3) NOT NULL default 'no',
  `ratedby` bigint(10) NOT NULL default '0',
  `rate` float NOT NULL default '0',
  `filehome` varchar(120) NOT NULL default '',
  `be_comment` char(3) NOT NULL default 'yes',
  `be_rated` char(3) NOT NULL default 'yes',
  `embed` varchar(8) NOT NULL default 'enabled',
  PRIMARY KEY  (`VID`),
  UNIQUE KEY `vkey` (`vkey`)
) ENGINE=MyISAM DEFAULT CHARSET=latin1 AUTO_INCREMENT=1 ;

-- 
-- Dumping data for table `audio`
-- 


-- --------------------------------------------------------

-- 
-- Table structure for table `buddy_list`
-- 

DROP TABLE IF EXISTS `buddy_list`;
CREATE TABLE `buddy_list` (
  `username` varchar(80) default NULL,
  `buddy_name` varchar(80) default NULL,
  UNIQUE KEY `username` (`username`,`buddy_name`)
) ENGINE=MyISAM DEFAULT CHARSET=latin1;

-- 
-- Dumping data for table `buddy_list`
-- 

INSERT INTO `buddy_list` (`username`, `buddy_name`) VALUES 
('astig_eon', 'Probe'),
('bind12', 'msher11'),
('charm_cebu', 'Ros'),
('chicong22', 'fxmastah'),
('danny', 'pinky'),
('darlene', 'rosecherryking'),
('donnaolivia', 'fxmastah'),
('enalovesmigui', 'fxmastah'),
('facetoflove', 'Probe'),
('FRIEDA', 'Probe'),
('fxmastah', 'chicong22'),
('fxmastah', 'donnaolivia'),
('fxmastah', 'enalovesmigui'),
('fxmastah', 'Jay'),
('fxmastah', 'kon_tang'),
('fxmastah', 'zhowan'),
('gara', 'pinky'),
('gerie2c', 'fxmastah'),
('gerie2c', 'markseno'),
('gerie2c', 'Probe'),
('jakile70', 'Probe'),
('Jay', 'fxmastah'),
('joel1013', 'pinky'),
('kasper666', 'rosecherryking'),
('kat08', 'fxmastah'),
('katrina_abad', 'Probe'),
('katuray', 'zakyuson'),
('kcat', 'tamala'),
('mariasonia', 'Probe'),
('mark', 'Ros'),
('maya', 'armaments'),
('minotte', 'Probe'),
('mjfox', 'Mariatheresacacho'),
('msher11', 'bind12'),
('msison', 'markseno'),
('natsm16', 'Probe'),
('nenyalorien', 'fxmastah'),
('nikson', 'jcvdk18'),
('oka3', 'fxmastah'),
('pixelus', 'dnsgucci'),
('randybalaguer', 'Probe'),
('reynand_cpc', 'celery'),
('rogars', 'vina2030'),
('Ros', 'charm_cebu'),
('Ros', 'm_o_dwill'),
('rosecherryking', 'probeprod'),
('tamala', 'rosecherryking'),
('tataskined', 'probeteam'),
('terabithian', 'rosecherryking'),
('webdiva888', 'fxmastah'),
('ysiad04', 'rosecherryking'),
('zhowan', 'fxmastah');

-- --------------------------------------------------------

-- 
-- Table structure for table `channel`
-- 

DROP TABLE IF EXISTS `channel`;
CREATE TABLE `channel` (
  `CHID` bigint(20) NOT NULL auto_increment,
  `name` varchar(120) NOT NULL default '',
  `descrip` text NOT NULL,
  PRIMARY KEY  (`CHID`),
  UNIQUE KEY `name` (`name`)
) ENGINE=MyISAM DEFAULT CHARSET=latin1 AUTO_INCREMENT=26 ;

-- 
-- Dumping data for table `channel`
-- 

INSERT INTO `channel` (`CHID`, `name`, `descrip`) VALUES 
(1, 'Default', 'Default'),
(3, 'Gameplan', 'sports show produced by Probe Productions'),
(4, 'Probe', 'documentaries produced by Probe Productions'),
(5, 'Comedy', 'Just for laughs'),
(6, 'Art Is-Kool', 'The first locally-produced arts and crafts show in the Philippines. '),
(7, 'Unlimited Productions', 'Unlimited Productions, Inc. produces audiovisual presentations and educational videos'),
(8, 'Cheche Lazaro Presents', 'travel show produced by Probe Productions Inc.'),
(9, '5 and Up', 'kids show produced by Probe Productions, Inc.'),
(10, 'i-Probe mo!', 'segments featured in the Probe documentaries'),
(11, 'filmmakers', 'directors, cinematographers'),
(12, 'students', 'students, researchers'),
(13, 'producers', 'writers, production houses'),
(14, 'Kabataan X-Press', 'youth oriented show produced by Probe Media Foundation and UNICEF'),
(15, 'MisFIT', 'MisFIT is a segment in the sports show Gameplan. It features the wacky adventures of Ramon Bautista'),
(16, 'Probe Media Foundation', 'documentaries produced by Probe Media Foundation Inc.'),
(17, 'Imaging Our Mekong', 'Documentary fellowship program organized by the Probe Media Foundation, Inc. (PMFI)'),
(18, 'musicians', 'music'),
(19, 'Pirmasterpiece', 'segment in the show Art Is-Kool'),
(20, 'Art Iskultura', 'segment in the show Art Is-Kool'),
(21, 'The Exchange', 'The Exchange'),
(22, 'Lonely Pinoy', 'a segment on The Probe Team with reporter JM Cobarrubias'),
(23, 'Lente', 'Probe Team Election Special'),
(24, 'Art Is-plat', 'From a splatter of paint, the artist creates a new artwork by adding a few more strokes from a brush, oil pastel, crayons, pieces of chalk or any coloring material...'),
(25, 'Asian Eye', 'Video insights on the Philippines by Foreigners');

-- --------------------------------------------------------

-- 
-- Table structure for table `comments`
-- 

DROP TABLE IF EXISTS `comments`;
CREATE TABLE `comments` (
  `COMID` bigint(20) NOT NULL auto_increment,
  `VID` bigint(20) NOT NULL default '0',
  `UID` bigint(20) NOT NULL default '0',
  `commen` text NOT NULL,
  `addtime` varchar(20) NOT NULL default '',
  PRIMARY KEY  (`COMID`),
  UNIQUE KEY `VID` (`VID`,`UID`)
) ENGINE=MyISAM DEFAULT CHARSET=latin1 AUTO_INCREMENT=227 ;

-- 
-- Dumping data for table `comments`
-- 

INSERT INTO `comments` (`COMID`, `VID`, `UID`, `commen`, `addtime`) VALUES 
(1, 69, 9, 'is this for real or is this just a part of the ad campaign?', '1175706715'),
(2, 34, 24, 'bitin po! sana mapanood namin ng buo wag sanang ibenta, yung kalahati ng video', '1175781204'),
(3, 31, 49, 'ang ganda nang show ninyo, sana epalabas sa tv ulit ang episode na eto', '1176134919'),
(4, 72, 61, 'bring it back!', '1176431196'),
(5, 72, 62, 'naiyak ako sa umpisa pa lang ng video. salamat sa pag post. nakakamiss. half of my life, i owe to 5 and Up...', '1176432314'),
(6, 72, 66, 'ok GAME! UPLOAD THE LIBRARY!!!!! hehehehe', '1176463150'),
(142, 173, 492, 'Love thy neighbor... in the road', '1186085221'),
(141, 244, 492, 'The right to vote is not only a previlege to choose... Man 1st exercise of choosing was during the time of creation.... When God said to them &quot;But never touch the tree in the middle of the Garden. That tree gives knowledge of good and evil...&quot; \nIt is a sacred act... a gift from God we assert ourselves&quot;', '1186083876'),
(9, 81, 98, '\r\nBakit nagpalabas kayo na walang interview ni Dato? \r\n\r\nNapagiwanan na ang Probe ng ibang palabas sa tv kagaya ng Reporters Notebook , ang tapang ng mga istorya.\r\n\r\nProbe na lang yata ang nagagalingan sa sarili niya.', '1176973054'),
(10, 33, 102, 'grabe?! nasaan ang ibang part nito!? favorite ep ko ito!!!', '1176996846'),
(11, 95, 125, 'I hope that the travel show of Ms. Cheche Lazaro be seen again on TV.', '1177257906'),
(12, 94, 125, '\r\nI hope you can feature on Probe TV your show in where Ms. Cheche Lazaro climbed the three mountains in the Philippines. I think you were still with GMA 7 then.\r\n\r\nThank you.', '1177258064'),
(13, 32, 125, ' Pinky Webb rocks!', '1177258182'),
(14, 80, 126, '\r\nMukhang Grade 2 yung reporter niyo. ', '1177259606'),
(15, 31, 126, '\r\nReplay niyo yung palabas na ito. Okaya palabas niyo ng buo dito, bitin. ', '1177259750'),
(16, 83, 126, '\r\nAng pangit naman ng storya na ito , parang ang tagal tagal na itong problema. Napanood ko na ito sa Imbestigador. Hahahaha, mas maganda ng isang paligo si Ms. Sanchez kay Mike Enriquez. Excuse me po!!!', '1177259932'),
(17, 12, 126, 'Sino ba sila? \r\n\r\nCorny pero sige na nga romantic na din.', '1177259998'),
(18, 33, 126, 'Naalala ko ito!!! Tama si Edrix , post naman ninyo yung ibang part dito.\r\n\r\nPakisama na din yung umakyat sila ng bundok. Surreal yun. The Team to beat pa din.', '1177260269'),
(19, 69, 126, 'Sell out na ba ang Probe?', '1177260307'),
(20, 69, 127, '\r\n\r\n\r\nYUCK! pati ba naman itong ad campiagn ay pinatulan ng reporter ng Probe? Mukhang ambisyon talagang lumabas sa TV.\r\n \r\n\r\n\r\n\r\n', '1177261526'),
(22, 90, 127, ' Ang ganda. Sana post ang buong palabas.', '1177261867'),
(23, 33, 135, '\r\n\r\nI remember Probe anniversariesespecially the Samal Island anniversary. I hope you can show it here. ', '1177341250'),
(24, 72, 140, 'asan yung ten to 6 and 2 to 1? hee. naaalala ko nung una kong napanuod ito, sa assembly. aww :)', '1177417555'),
(25, 53, 143, 'pls. help me find the episode about our teachers in Mozambique, Africa featured sometime in 2006. Tnx', '1177491287'),
(143, 208, 492, 'Mabuhay! malakai ang pag asa ng Bayang Pilipinas', '1186086890'),
(144, 209, 492, 'Life is colorful as the rainbow,\nand we are reflections of each colors together we make a better   view for others to appreciate...\n\nMore than being a judge we are more of a learner if life...\n\njudge by giving the benefit of the good rather than doubt...\n\nand see life is beautiful!', '1186087626'),
(27, 80, 163, 'hi hera! nice to see you in tv! muah! i hope to see you soon!', '1177597638'),
(28, 83, 163, 'nice story ms.Sanchez!', '1177760238'),
(29, 106, 153, 'love conquers all or love is blind or love is stupidity....which is which??', '1177842119'),
(30, 109, 185, '\r\nBring them back.', '1177858737'),
(31, 96, 185, '\r\n\r\nAfter watching this show, how is Nessa nowadays?', '1177858803'),
(32, 72, 185, 'Nakakaiyak.', '1177859547'),
(33, 95, 186, 'i will love to bring a friend in paris.. :)', '1177899613'),
(34, 105, 186, 'public service is a sacrifice.. diko sasayangin ang aking boto sa mga oportunista at mga walang kwenta..', '1177900288'),
(35, 83, 187, 'pinky! obvious na insecure ka lang kay ms. sanchez... dahil ba ur not as talented and pretty as her? maybe you can focus on the story no need for name-calling... grow up! ', '1177915292'),
(36, 72, 98, '\r\n\r\nCrush ko si Atom.', '1177943839'),
(37, 109, 189, '\r\ni love Robert Alejandro. More of him please.', '1177944243'),
(137, 318, 492, 'Orderliness is Godliness...\n\nAng kahirapan ay hindi kailan man maaring gamiting dahilan upang hindi maging masaayos at mang lamang sa kapwa.\n', '1186079360'),
(138, 328, 492, 'Orderliness is Godliness...\n\nAng kaayusan sa daan ay isang pamamaraan ng pagdisiplina at pagsasaayos ng buhay...\n\n', '1186079567'),
(139, 271, 492, 'The right to vote is not only a previlege to choose...\n\nMan 1st exercise of choosing was during the time of creation....\n\nWhen God said to them &quot;But never touch the tree in the middle of the Garden.  That tree gives knowledge of good and evil...&quot;\n\nIt is a sacred act... a gift from God we assert ourselves', '1186081511'),
(140, 466, 492, 'Orderliness is Godliness...\n\nAn exception from the law is an abuse of the law...\n\nMuch have been said for others to be aware of corruption... and more media are into reporting about it.\nThere are no reasons for the citizen not to be silent... we only have to assert our right to goodness.\n\nI believe the people asserting the right to manage and organized COMELEC.\nCitizens for Orderly and  Manage ELECtion.                    \n', '1186082698'),
(39, 33, 189, 'Galing. More of this!', '1177947003'),
(40, 31, 189, 'Love this documentary. Love Cheche Lazaro. ', '1177947153'),
(41, 32, 189, '\r\nMore of Pinky Webb. I like her confidence, emphaty with her subject and her credibility speaks for itself.\r\n\r\nGood choice Probe for getting her as a reporter.', '1177947950'),
(42, 95, 189, '\r\nKailan kaya ako makakapunta sa Paris?:)', '1177949067'),
(43, 31, 195, 'bkit bitin?\r\ndpat complete para nman mas maganda!', '1178066896'),
(44, 96, 55, 'Hi Aina,\n\nNessa underwent surgery last month at PGH and is now recovering at home. ', '1178157398'),
(45, 130, 203, 'congratulations!\r\nam proud of you...', '1178179314'),
(46, 131, 203, 'great!', '1178179835'),
(47, 113, 203, 'God bless him always...', '1178180588'),
(48, 105, 203, 'more power to the PVA!\r\nthanks for all your efforts in educating our people to become responsible voters!', '1178181592'),
(49, 109, 207, 'Galing!', '1178270040'),
(50, 31, 207, 'Bitin nga! Please post the whole documentary.', '1178270165'),
(51, 33, 207, 'Post ninyo yung Samal , bitin yung preview dito na tumalon sila ng helicopter. Thanks very much.', '1178270481'),
(52, 37, 207, '\r\nDear Probe,\r\n\r\nWhere is JM Cobarrubias? ', '1178270839'),
(53, 31, 210, 'Great story!', '1178350339'),
(54, 33, 210, 'I particularly love this Team!', '1178350457'),
(55, 109, 210, 'Dulang Dulang rocks!', '1178350514'),
(56, 51, 210, 'sad naman mga people na addicted to gambling. hope they learned their lesson.', '1178350571'),
(57, 37, 210, 'Di ba he was the guy who hosted the travel section of Probe before?', '1178350676'),
(58, 105, 210, 'Pinky Webb is gorgeous, intelligent too :)', '1178351036'),
(59, 83, 210, '\r\njeez girls, grow up. \r\nCome to think of it, her nose is crooked and she sounds like a palengkera.', '1178351277'),
(60, 131, 210, 'Is Robert Alejandro married?', '1178351348'),
(61, 105, 211, '\r\n\r\nmore of Pinky Webb, less of your new reporter, bwahahaha, mukhang katulong ni Pinky Webb si Hera Sanchez.', '1178351654'),
(62, 130, 3, 'Go Trish!', '1178375555'),
(63, 125, 219, 'Galing , pangalan ko naman :)', '1178551049'),
(64, 83, 3, 'Probe appreciates your comments. Constructive and objective criticism will encourage improvement.', '1178599326'),
(65, 148, 212, 'Good work Angelo!\nAko din nag-tutor dati (kunwari). Ang hirap kaya! \nKaya, saludo din ako kay Leo. Hehe.', '1178954508'),
(66, 161, 226, 'HAHAHA!', '1178960687'),
(69, 149, 229, 'g0 dava0 bureau!!!', '1179039359'),
(70, 163, 229, 'aja! aq ung 1st viewer!!! jejejej!!!', '1179040598'),
(71, 151, 243, 'i like the OBB of KX, aztig! :)\r\n\r\nhttp://alexbam2006.multiply.com', '1179305985'),
(72, 33, 235, 'bitin! pakidugtong na ang next segment..', '1179308053'),
(73, 161, 229, 'jejejej!!!!', '1179401189'),
(74, 33, 249, 'ang galing! ipakita niyo naman yung buong anniversary.', '1179411752'),
(75, 31, 249, 'classic , timeless topic. PMA is never far away from our minds.', '1179411894'),
(76, 163, 249, 'Wow :)', '1179413666'),
(77, 171, 153, 'i remember this show i was in my first year in high school when this show started and how they   have grown and have their carreer  ', '1179418369'),
(78, 161, 250, 'hehe...astig!! ^.^V', '1179568495'),
(79, 83, 251, 'hey you! yes you! be objective girl .. easy on personal attacks ... what made you say na notorious sya sa UST ... ako lang ang notorious dun noh!\n\n', '1179571746'),
(80, 149, 254, 'david....\r\n', '1179718926'),
(81, 31, 226, 'Around of Applause!', '1179812493'),
(82, 144, 226, 'Yey! may isang nasingit na episode ang baguio dito harhar :) anong masasabi nyo?\r\n', '1179812585'),
(83, 30, 277, 'Probe the best show on earth. Long live Ms. Cheche', '1180862270'),
(84, 151, 281, 'luv 8! kip 8 up!', '1181036699'),
(85, 149, 281, 'Ang galing! kip up d gud work!!!', '1181038265'),
(86, 156, 236, 'yehey..!! may na upload ng nang video ng Capiz Bureau..hehe.. sana i upload nyo rin po yung other stories ng Capiz Bureau.. :)', '1181267476'),
(87, 144, 288, 'asteeg... ok... yey... la na... poof!', '1181287079'),
(88, 256, 65, 'one of the most memorable trips and stories i have ever done. superb production by marj mosura and great reporting by patek!', '1181290311'),
(89, 249, 65, 'one of the greatest!', '1181291968'),
(90, 30, 80, 'Really good video.  I wish more people will watch this to be reminded of parts of history that must not be repeated.  Can I have a copy of the whole feature?', '1181628512'),
(91, 272, 229, 'g0 dava0 bureau!!!', '1181648175'),
(92, 263, 81, 'The interview with the kid would be better if subtitles were placed', '1182398491'),
(93, 316, 250, '^.^v', '1182431287'),
(94, 31, 311, 'Bravo:)', '1182437338'),
(95, 109, 311, 'Great story, fearless reporters.', '1182437388'),
(96, 163, 311, 'I want to go to Alaska after watching this story.', '1182437545'),
(97, 263, 311, 'Your reporter does not have any emphathy with the kid. ', '1182437791'),
(98, 170, 311, 'Hola!', '1182438271'),
(99, 187, 312, 'wagi! panalo ang lola koh!', '1182473835'),
(100, 78, 312, 'mabuhay ang Pelikulang Pilipino!', '1182710953'),
(101, 32, 312, 'maganda audio ni Pinky Webb,,, hanep,,, CheChe Lazaro in the making! mabuhay ka neng!', '1182720372'),
(102, 23, 312, 'mabuhay ang Probe! hanep kayo!', '1182720455'),
(103, 24, 312, 'marami pang taon para sa inyo! tuloy tuloy lang! waging wagi!', '1182720604'),
(104, 285, 312, 'mabuhay ang industriya ng radyo!', '1182725356'),
(105, 33, 312, 'the Pioneer in its format.\nthe Most Awarded Show on Philippine TV!\nthe Longest Running News-Magazine Program in the country.\nRespected, Trusted and Setting the Standards in the Industry.\n\nmabuhay po kayo sa patuloy ninyong adhikain, na magmulat ng mga manonood at higit lalo ng mga lider ng bansang ito sa katotohanan sa likod ng mga balita at isyu.\n\npatuloy ang pagkilos at pag-ambag sa ikabubuti ng buhay ng marami sa pamamagitan ng positibong kontribusyon sa industriya ng telebisyon!\n\nmuli, mabuhay kayo!\n\nrandy balaguer, tagaytay city', '1182727521'),
(106, 30, 312, 'the Pioneer in its format.\nthe Most Awarded Show on Philippine TV!\nthe Longest Running News-Magazine Program in the country.\nRespected, Trusted and Setting the Standards in the Industry.\n\nmabuhay po kayo sa patuloy ninyong adhikain, na magmulat ng mga manonood at higit lalo ng mga lider ng bansang ito sa katotohanan sa likod ng mga balita at isyu.\n\npatuloy ang pagkilos at pag-ambag sa ikabubuti ng buhay ng marami sa pamamagitan ng positibong kontribusyon sa industriya ng telebisyon!\n\nmuli, mabuhay kayo!\n\nrandy balaguer, tagaytay city', '1182727720'),
(107, 31, 312, 'the Pioneer in its format.\nthe Most Awarded Show on Philippine TV!\nthe Longest Running News-Magazine Program in the country.\nRespected, Trusted and Setting the Standards in the Industry.\n\nmabuhay po kayo sa patuloy ninyong adhikain, na magmulat ng mga manonood at higit lalo ng mga lider ng bansang ito sa katotohanan sa likod ng mga balita at isyu.\n\npatuloy ang pagkilos at pag-ambag sa ikabubuti ng buhay ng marami sa pamamagitan ng positibong kontribusyon sa industriya ng telebisyon!\n\nmuli, mabuhay kayo!\n\nrandy balaguer, tagaytay city', '1182727923'),
(108, 72, 323, 'my sibblings and i really love 5 and up...', '1182966808'),
(109, 390, 341, 'Awesome! ', '1183126923'),
(110, 31, 341, 'Sana ay gumawa pa kayo ng mga ganitong dokumentaryo , matapang, kakaiba at nakakapangilabot dahil tutoong kwento ng buhay sa loob ng PMA ang inyong ibinahagi sa aming manonood.', '1183127420'),
(111, 403, 341, 'The best team!', '1183127578'),
(112, 402, 341, 'Wow!', '1183127637'),
(113, 34, 344, 'saan po namin mapapanood ang part 2 at part 3?', '1183261301'),
(114, 409, 362, 'I hope these links answer any questions you might have had as it is a very hard story to keep retelling.\r\n\r\nClick this link for all the details of why I did the interview  in my blog  http://webdiva888.multiply.com/journal/item/4\r\n\r\nThe story that prompted the interview can be read at  http://www.djl.net/mydiary/achildnomore.html  the grisly details. I posted this website in 1997 on my online diary as a catharsis and way for me to get it out of my head, and somewhere I could find it.  Since I can never remember where I put actual photo albums, notes and the like, my life is basically online.\r\n\r\nPhotos of the interview can be seen at: http://webdiva888.multiply.com/photos/album/56\r\n', '1183609389'),
(115, 409, 376, 'Diana is our daughter to say we are proud of her is the understatement of the year.\r\n\r\nRamon and Helen Limjoco', '1183896025'),
(116, 409, 379, 'Diana is one of my dearest and closest friends. She is strong beyond belief and kinder than anyone i know. She gives me hope that i too can be strong and kind and loving and giving, as she is.', '1183935371'),
(117, 409, 381, 'What a touching story! I am so proud of you pinsan! Love you! V', '1183942262'),
(118, 409, 383, 'The most compelling video of the year..', '1183945534'),
(119, 409, 384, 'I will never forget you or  this video!  Diana you have touched a place in my heart where nothing else ever has!', '1183950261'),
(120, 187, 399, 'Beautiful and very sensitive treatment of the LGBT issue.', '1184225041'),
(121, 415, 400, '\r\nHera,\r\n\r\nHuwag ka tumabi kay Pinky Webb. mukha kang katuloy at alalay ninya.\r\n\r\nHuwag ka ng magpa-epek ng nakasuot ka ng salamin dahil hindi ka mukhang matalino, TRYING HARD na matalino. Dunong dunongan na naman.\r\n\r\nHuwag mo na ring gayahin si Pinky Webb ng naka-skirt , ang sagwa tignan sa iyo. Patpatpatin at baluga ka, bwahahahaha.\r\n', '1184226058'),
(122, 32, 400, 'Hera, huwag ka ng mag-ambisyon na ikaw ang papalit kay Ms. Cheche Lazaro. Sorry ka, nandiyan si Pinky Webb para sirain ang iyong mga pangarap.\r\n\r\nAminin mo na Hera, wala kang talent , puro dada ka lang.', '1184226242'),
(123, 92, 414, 'Josua Sastre no longer plays the football. He was hospitalized and diagnosed with heart enlargement last May 28. He got out last July 6 and there are still financial aspects to be settled upon. Medicines are also needed. Hope you can help. Thank you.-\r\nardythe@gmail.com', '1184659119'),
(124, 32, 431, 'AND ALSO FUCK FEMINISM!!! WOMEN AND GAYS ARE SLAVES!!! GAYS ARE JUST IDIOTS', '1184994699'),
(125, 467, 448, 'where can i get in touch of the people who organize this trip?', '1185267492'),
(126, 90, 462, 'kudus to probe!', '1185504724'),
(127, 31, 462, 'any plans on adding ther rest segment 2 & 3? thanks.', '1185507247'),
(128, 31, 466, 'i agree with nikson. ang galing ng Mistah.', '1185549451'),
(129, 109, 466, 'i will climb dulang dulang someday. thank you bernadette and elaiza.', '1185549540'),
(130, 33, 466, 'i admire this batch of probe reporters. of course,luchi cruz valdes and howie severino comes to mind.', '1185549805'),
(131, 30, 466, 'Imelda Marcos is such a liar.May she roth in hell', '1185549938'),
(132, 461, 466, 'hail to the best investigative journalist in the country. you never fail to move me with your stories, ms. lazaro.', '1185550133'),
(133, 37, 466, 'thumbs up! more stories like this. we need more heroes and idols.', '1185550215'),
(134, 159, 464, 'Pungko-pungko jud kaayo!! hehehe!! Adlaw-adlaw puso sa kabuhi nako, wahahaha!! Daghang salamat! :)', '1185550527'),
(135, 467, 107, 'Hi!You may contact Ms. Tracey Santiago through her mobile number 09209235615.', '1185641376'),
(136, 59, 471, 'maraming salamat po sa isa na namang makabuluhan at nakaka antig ng damdaming pagpapahayag sa isyung ito', '1185715020'),
(145, 223, 492, 'Science is the soul of nationalism. The pride of every citizen for international identity.  ', '1186088213'),
(146, 160, 492, 'Expressions free from inhibitions is to be enjoy but always with great responsibility to yourself, others and community.', '1186088681'),
(147, 153, 492, 'Daring and informative\n\nLooking at the situations free from critical jugdment, we begin to better understand each other as a person... loving person', '1186089024'),
(148, 102, 492, 'MABUHAY ANG PINOY!\n\nTrust in God and Faith in Ourselves...\n\nThe Philippines have been bless of having a strong bond with God and yet few have the faith in their God given talent or lack the discipline to focus on their goal.\n', '1186089636'),
(149, 105, 492, ' &quot;  The right to vote is not only a previlege to choose... Man 1st exercise of choosing was during the time of creation.... When God said to them &quot;But never touch the tree in the middle of the Garden. That tree gives knowledge of good and evil...&quot; It is a sacred act... a gift from God we assert ourselves&quot;  &quot;', '1186090526'),
(150, 189, 492, ' Life is colorful as the rainbow, and we are reflections of each colors together we make a better view for others to appreciate... More than being a judge we are more of a learner if life... judge by giving the benefit of the good rather than doubt... and see life is beautiful!  &quot;', '1186091179'),
(151, 31, 498, 'Please upload the rest of the documentary. Thanks.', '1186159841'),
(152, 37, 498, 'Amazing video and content. Full of heart and patriotism. I watched something like this at the National Geographic Channel. ', '1186160439'),
(153, 109, 498, 'Amazing!', '1186161423'),
(154, 147, 290, 'Ganda Very Oriented 4 Uths', '1186209822'),
(155, 242, 290, 'Nakakaralate Yan Ah!', '1186210332'),
(156, 415, 543, 'ang masasabi kulang...palpak ang pangulo nating wala namang alam....', '1186675193'),
(157, 506, 101, 'the best docu ever!!!', '1186796892'),
(158, 384, 273, 'watch this!!! protect our environment', '1186813845'),
(159, 506, 509, 'Thsnks for sharing the story behind this work of art!', '1186985919'),
(160, 59, 509, 'Thanks for looking into the situation of child domestic workers in the Philippines. We look forward for more interesting stories in the future. I like the way ProbeTeam presents such stories.', '1186988220'),
(161, 506, 590, 'This is an awakening documentary for me... thanks! this is a perfect birthday gift! ', '1187200786'),
(164, 72, 655, 'sana ibalik ang 5 and up...nakaka miss talaga and educational...miss you all guys..', '1187714009'),
(163, 409, 385, 'Very inspiring. Keep it up. Dapat more stories like this can be aired. Very commom ata ito.', '1187426131'),
(171, 83, 492, 'Freedom of expression is always accountable to morality...\n\nSexual liberation is a moral responsibility to us, protect its appreciation not to the level of simplifying it to simple physical satisfaction or lust.\n\n\n\n', '1189028590'),
(168, 553, 767, 'As always good investigative report!  ', '1188839687'),
(169, 504, 492, 'what is constant in the life of progress is change...\n\nchange can be painful but change we must for society to adopt to the fast phase of progress...', '1189023836'),
(170, 76, 492, 'Thanks for the feature story... \n\nThe time for us to unite and put order in our transport system for the benefit of the good of all concern.', '1189025192'),
(172, 297, 492, 'Mabuhay ang Pilipino Cartoonist!', '1189029442'),
(173, 133, 492, 'Mabuhay ang Pilipino Cartoonist!\n\n', '1189029597'),
(174, 79, 492, 'Congratulations for presenting this video reporting &quot;i-probe mo&quot; empowering the pilipino citizen to express themselves.\n\n\n', '1189030114'),
(175, 346, 492, 'Getting me this far in my browsing is a Divine intervention by itself...\n\nThank you Probe for your overflowing information that have greatly influence me...', '1189030808'),
(176, 347, 492, 'thank u for bringing the experience closer to me...\n\nIt was a moment that i reminisce when I join\nthe world youth day here in the Philippines.\n\nThe blessings of God be upon PROBE in all ways always.', '1189031327'),
(177, 559, 492, 'beauty is always in its simplicity... ', '1189031464'),
(178, 560, 492, ' &quot;  beauty is always in its simplicity...  &quot; part 2', '1189031549'),
(179, 561, 492, ' &quot;  beauty is always in its simplicity...  &quot; part 3', '1189031573'),
(180, 597, 214, 'na-senti ako!!!', '1189349312'),
(181, 580, 857, 'Very informative. JM speaks very clearly and well-modulated.', '1189780686'),
(182, 503, 862, 'i hope i could download this..\ni really need it\n', '1189852168'),
(195, 625, 996, 'i was amazed!!!!the story was very sentimental. nakakaiyak...lalo na sa tatay. wala ba to continuation? i want to know how the girl went on today', '1191845670'),
(193, 69, 939, 'ngayon ko lang nakita ito, thanks. masyadong late na kasi ang probe. Can i download a complete copy of this video?', '1191222792'),
(194, 625, 883, 'i ave watched this as a replay early morning of Sept 20. I was deeply touched by the story of that father who will do anything for the sake of his child...', '1191280572'),
(185, 625, 898, 'This was avery imformative piece and very well produced. Why does Probe TV not give any credits on screen or on your Web so that the Production Team can have some recognition ? Don Andrew.', '1190363131'),
(186, 625, 899, 'VERY WELL DONE AND VERY TOUCHING,HEART RENDING.\r\nTHE WHOLE VIDEO WAS VERY WELL PRESENTED AND BALANCED.\r\nHOPE THAT THIS WILL TOUCH A LOT OF CONCERNED PEOPLE AROUND THE WORLD.IM NOT BEING BIASED BECAUSE THE PRODUCER IS MY SISTER BUT SHE DID AN EXCELLENT JOB FOR HER FIRST PRODUCTION!!!!!\r\nFAE', '1190364917'),
(187, 610, 911, 'bakit ba masama ang tingin sa mga fratmen??fraternity is not just about fratwar the  purpose of fraternity is for community and and for the government.....about the initiation bakit me namamatay?sa tingin ko galit ang umiiral sa mga initiator of that fraternity kaya nagrerecruite sa na gusto sumali sa fraternity para makatulong sa grupo at makatulong sa ibang tao!!see the good of the fraterniy and ung sarap o hirap sa mga gangster lang ndi nmain binabastos ang mga babae we respect our sororities!!galit ang pinairal ng mga initiator kaya namatay c chris mendez&gt;our sympathy for chris is in our heart!', '1190538554'),
(188, 614, 492, 'we are again becoming focus in the political corruptions...\n\nit is a sad cycle that keeps coming back to us...\n\nwe have to look at this experience as a wake up call...\n\nGive COMELEC to the people...\n\n', '1190660645'),
(189, 615, 492, 'A memorial for the memories of students, the fallen dreams in the name of false brotherhood...\n\nAs the oblation is a symbol of academic excellence, freedom and growth of education.\n\nLet a memorial be erected to remind students of the twisted   \nconcept of brotherhood... and fallen hopes.\n\nAnd let us be reminded that in the honorable name of brotherhood how a law can be disregarded openly and injustices be a norm rather than an exception.', '1190661536'),
(190, 393, 492, 'An eye opener loyalty, camaraderie and unity ', '1190665368'),
(191, 620, 492, 'We only attract the kind of President to best reflect the mentality of the Filipino majority.', '1190667552'),
(192, 625, 921, 'great touching story. any updates on the bikers and the kid/patient? i also hope you can post details where people can get in touch with the foundation and how to help them. cheers!', '1190700289'),
(196, 72, 1002, 'more upload plz!! tnx!!', '1191991682'),
(197, 260, 1002, 'i like oly!', '1191999475'),
(198, 72, 1030, 'how sad!! nakakmiss! sabay ko lang sila lumaki...', '1192105640'),
(199, 248, 1030, 'basta ako laking 5 and up!!', '1192105727'),
(200, 217, 1002, 'any update on oly?', '1192300273'),
(201, 523, 1049, 'Napakagandang dokumentaryo!Mabuhay ang Probe Team ni Che-che Lazaro!=o)', '1192590761'),
(202, 661, 1095, 'Maliwanag na suhol. At para kay Panlilio bakit mo naman basta na lang tinanggap ang pera ng di mo tinanong kung para saan ba at saan galing. Nasilaw ka rin at nakunsensya lang nung bandang huli. Pare-pareho kayong mga pulitiko pag nakapwesto na kahit saang antas pa ng lipunan kayo galing. Kalahating milyon pinamimigay lang ng walang dahilan? Grabeng kurakutan talaga!', '1192972153'),
(203, 639, 1098, 'good job:D', '1193122173'),
(204, 670, 226, 'ahaha ang saya nito :D', '1193199164'),
(205, 682, 226, 'etong matindi, patay sila sa magulang nila pag tutuol sila hahahaha', '1193199307'),
(206, 365, 1121, 'ei ate karen upload nyo din aman po ung akin,., d ko pa yun napanood kahit sa tv,., hehehe', '1193310138'),
(207, 171, 1121, 'ahahahay,., cla ate nicai at ate chiyomi ang cute nuon,.,.', '1193314631'),
(208, 625, 168, 'hi janice! i love watching this story. congrats!  - ca\r\n', '1193920302'),
(209, 131, 1160, 'nice i love this video', '1193979431'),
(210, 719, 163, 'hi hera! muah! miss you!', '1194180246'),
(211, 409, 1177, 'Very inspiring life. A role modle for other survivors.', '1194219555'),
(212, 409, 1179, 'Very inspiring and moving story. Thank you for sharing!', '1194222038'),
(213, 637, 1184, 'Eh bakit di nila cinensor yung movie na Lust/Caution ni Ang Lee? My friend and her sister watched it, and it was rife with sex daw! Much like Porn! Tapos eto, na about realities? That is sooo surreal!', '1194284295'),
(214, 598, 1186, 'humihinto xa! ang ganda pa nman panoorin', '1194333522'),
(215, 409, 1196, 'well this is well done. i hope this will help the women of the world', '1194570979'),
(216, 161, 1201, 'stupid- no content\r\n', '1194649327'),
(217, 753, 1236, 'Thanks to probe team and the ABS-CBN co. for exposing this common problem in SAMAR.', '1195371207'),
(218, 779, 1245, 'bakit naman si Lim ang inintrview nyo. Sana kinuha nyo side ng dating MPD natural lang na ganun sasabihin nyan kasi tuta sya ni Lim. Be FAIR naman', '1195551449'),
(219, 812, 1271, 'I am so touched with the strength and fighting  spirit of  Katrina. Ilove her..! I want to help.. How can i contact her and her family?', '1196365930'),
(220, 812, 1296, 'I would like everyone to know where to get it touch with Katrina, so please check her website below, thanks :)\n\nhttp://www.freewebs.com/overtack/\nhttp://www.mybloglog.com/buzz/members/an3ak/', '1196518295'),
(221, 812, 1315, 'hello! this is kcat.. thank you kuya robert and katrina macapagal.. super thanks! as in! :)', '1196532087'),
(222, 812, 1282, '&quot;tama yan kcat dapat walng puwang ang depresyon sa buhay natin habay buhay pa tayo ay nay pag asa.Im also a NF2 patien na dicover ko ito sience 1986 until now im still fighting for it and moved on&quot; I wish mag kita tayo i want to support you campain.', '1196589621'),
(223, 285, 1360, 'MEGAMIX 101.9 is the best radio station on Guam!!!', '1196675528'),
(224, 812, 1365, 'hello. tanong ko lang kung san makakabili ng tshirt  at magkano ang isa na ipinakita sa segment na ito. contact me at 0917-9400695 / 09192343132 ty poh dis jeffrey', '1196685276'),
(225, 812, 1281, 'hello kcat..i would like to thank you, na ispire ako sa mga thoughts na sinabi mo. naka overwhelm tlga.. supergirl ka.. sana mag karon din ako ng pag iisip like you..', '1196690428'),
(226, 812, 1320, 'hearyeah . multiply . com', '1196692819');

-- --------------------------------------------------------

-- 
-- Table structure for table `comments_audio`
-- 

DROP TABLE IF EXISTS `comments_audio`;
CREATE TABLE `comments_audio` (
  `COMID` bigint(20) NOT NULL auto_increment,
  `VID` bigint(20) NOT NULL default '0',
  `UID` bigint(20) NOT NULL default '0',
  `commen` text NOT NULL,
  `addtime` varchar(20) NOT NULL default '',
  PRIMARY KEY  (`COMID`),
  UNIQUE KEY `VID` (`VID`,`UID`)
) ENGINE=MyISAM DEFAULT CHARSET=latin1 AUTO_INCREMENT=1 ;

-- 
-- Dumping data for table `comments_audio`
-- 


-- --------------------------------------------------------

-- 
-- Table structure for table `emailinfo`
-- 

DROP TABLE IF EXISTS `emailinfo`;
CREATE TABLE `emailinfo` (
  `email_id` varchar(50) NOT NULL default '',
  `email_subject` varchar(255) NOT NULL default '',
  `email_path` varchar(255) NOT NULL default '',
  `comment` varchar(255) default NULL,
  PRIMARY KEY  (`email_id`)
) ENGINE=MyISAM DEFAULT CHARSET=latin1;

-- 
-- Dumping data for table `emailinfo`
-- 

INSERT INTO `emailinfo` (`email_id`, `email_subject`, `email_path`, `comment`) VALUES 
('verify_email', 'About email verification', 'emails/verify_email.tpl', 'Email Verification'),
('invite_email', 'Friendship invitation from  $sender_name', 'emails/invite_email.tpl', 'To invite a friend'),
('invite_group_email', '$sender_name has invited you to join a group {$gname}', 'emails/invite_group_email.tpl', 'Send invitation to join a group'),
('recover_password', 'Your site login password', 'emails/recover_password.tpl', 'Recovering user login password');

-- --------------------------------------------------------

-- 
-- Table structure for table `favourite`
-- 

DROP TABLE IF EXISTS `favourite`;
CREATE TABLE `favourite` (
  `UID` bigint(20) NOT NULL default '0',
  `VID` bigint(20) NOT NULL default '0',
  UNIQUE KEY `UID` (`UID`,`VID`)
) ENGINE=MyISAM DEFAULT CHARSET=latin1;

-- 
-- Dumping data for table `favourite`
-- 

INSERT INTO `favourite` (`UID`, `VID`) VALUES 
(10, 77),
(11, 34),
(42, 30),
(43, 30),
(49, 31),
(72, 25),
(78, 15),
(78, 46),
(80, 83),
(81, 12),
(81, 83),
(110, 24),
(155, 83),
(185, 109),
(203, 113),
(203, 131),
(219, 31),
(219, 120),
(226, 144),
(226, 670),
(226, 682),
(229, 149),
(233, 155),
(233, 236),
(235, 33),
(236, 328),
(290, 147),
(290, 242),
(290, 292),
(290, 376),
(290, 397),
(290, 482),
(302, 236),
(312, 14),
(312, 23),
(312, 24),
(312, 30),
(312, 33),
(312, 37),
(312, 43),
(312, 78),
(312, 95),
(312, 101),
(312, 131),
(312, 146),
(312, 162),
(312, 163),
(312, 168),
(312, 169),
(312, 181),
(312, 187),
(312, 196),
(312, 226),
(312, 241),
(312, 285),
(312, 353),
(312, 390),
(312, 393),
(312, 402),
(312, 403),
(312, 406),
(315, 374),
(319, 272),
(343, 410),
(355, 81),
(355, 105),
(358, 294),
(362, 409),
(366, 129),
(366, 133),
(366, 205),
(366, 262),
(366, 266),
(366, 464),
(366, 465),
(371, 416),
(375, 409),
(376, 409),
(377, 409),
(379, 409),
(381, 409),
(385, 409),
(386, 409),
(437, 73),
(441, 217),
(441, 218),
(441, 219),
(441, 236),
(441, 357),
(448, 467),
(452, 90),
(470, 35),
(479, 171),
(479, 221),
(479, 226),
(479, 259),
(492, 31),
(492, 79),
(492, 83),
(492, 100),
(492, 102),
(492, 105),
(492, 133),
(492, 150),
(492, 153),
(492, 160),
(492, 173),
(492, 189),
(492, 196),
(492, 208),
(492, 223),
(492, 234),
(492, 244),
(492, 297),
(492, 312),
(492, 318),
(492, 328),
(492, 346),
(492, 347),
(492, 415),
(492, 466),
(492, 504),
(492, 506),
(492, 560),
(492, 614),
(492, 615),
(492, 620),
(573, 495),
(577, 37),
(593, 503),
(679, 495),
(682, 521),
(682, 523),
(694, 233),
(713, 526),
(720, 309),
(727, 554),
(729, 554),
(744, 552),
(750, 495),
(756, 495),
(776, 521),
(776, 523),
(776, 526),
(776, 527),
(805, 30),
(844, 31),
(862, 503),
(883, 580),
(883, 625),
(906, 599),
(921, 625),
(939, 69),
(977, 311),
(977, 312),
(977, 399),
(986, 636),
(1056, 113),
(1098, 86),
(1104, 409),
(1105, 409),
(1133, 719),
(1160, 83),
(1160, 131),
(1160, 160),
(1162, 496),
(1173, 226),
(1173, 248),
(1173, 259),
(1177, 409),
(1179, 409),
(1180, 409),
(1181, 409),
(1187, 187),
(1187, 598),
(1187, 599),
(1187, 600),
(1187, 601),
(1187, 635),
(1187, 719),
(1196, 409),
(1197, 409),
(1271, 812),
(1295, 812),
(1312, 183),
(1317, 812),
(1330, 812);

-- --------------------------------------------------------

-- 
-- Table structure for table `favourite_audio`
-- 

DROP TABLE IF EXISTS `favourite_audio`;
CREATE TABLE `favourite_audio` (
  `UID` bigint(20) NOT NULL default '0',
  `VID` bigint(20) NOT NULL default '0',
  UNIQUE KEY `UID` (`UID`,`VID`)
) ENGINE=MyISAM DEFAULT CHARSET=latin1;

-- 
-- Dumping data for table `favourite_audio`
-- 


-- --------------------------------------------------------

-- 
-- Table structure for table `feature_req`
-- 

DROP TABLE IF EXISTS `feature_req`;
CREATE TABLE `feature_req` (
  `VID` bigint(20) NOT NULL default '0',
  `req` bigint(20) NOT NULL default '0',
  `date` varchar(10) default NULL,
  PRIMARY KEY  (`VID`)
) ENGINE=MyISAM DEFAULT CHARSET=latin1;

-- 
-- Dumping data for table `feature_req`
-- 

INSERT INTO `feature_req` (`VID`, `req`, `date`) VALUES 
(16, 15, '2007-11-16'),
(13, 9, '2007-11-09'),
(12, 12, '2007-11-17'),
(14, 9, '2007-11-12'),
(15, 9, '2007-11-05'),
(24, 8, '2007-10-31'),
(23, 8, '2007-10-28'),
(25, 7, '2007-10-29'),
(22, 9, '2007-11-04'),
(29, 14, '2007-11-18'),
(41, 9, '2007-11-13'),
(59, 11, '2007-11-21'),
(32, 17, '2007-11-20'),
(37, 14, '2007-11-18'),
(42, 14, '2007-11-19'),
(61, 8, '2007-11-14'),
(34, 13, '2007-11-20'),
(30, 16, '2007-11-18'),
(48, 8, '2007-11-12'),
(51, 12, '2007-11-19'),
(39, 12, '2007-11-18'),
(55, 12, '2007-11-18'),
(31, 12, '2007-11-19'),
(60, 6, '2007-11-05'),
(40, 11, '2007-11-21'),
(27, 5, '2007-10-31'),
(33, 13, '2007-11-15'),
(28, 12, '2007-11-15'),
(44, 13, '2007-11-18'),
(21, 7, '2007-11-18'),
(49, 10, '2007-11-17'),
(36, 11, '2007-11-16'),
(35, 8, '2007-10-31'),
(54, 9, '2007-11-18'),
(45, 10, '2007-11-18'),
(53, 12, '2007-11-21'),
(43, 10, '2007-11-18'),
(46, 13, '2007-11-18'),
(52, 8, '2007-11-09'),
(50, 6, '2007-11-18'),
(38, 13, '2007-11-16'),
(67, 7, '2007-11-16'),
(63, 8, '2007-11-07'),
(70, 6, '2007-10-31'),
(68, 13, '2007-11-05'),
(71, 7, '2007-11-15'),
(65, 13, '2007-11-21'),
(69, 12, '2007-11-20'),
(66, 6, '2007-10-29'),
(64, 6, '2007-10-28'),
(72, 8, '2007-11-10'),
(73, 4, '2007-11-03'),
(74, 6, '2007-10-31'),
(75, 10, '2007-11-21'),
(76, 7, '2007-11-16'),
(77, 6, '2007-11-17'),
(82, 4, '2007-10-31'),
(81, 6, '2007-11-12'),
(78, 4, '2007-11-07'),
(79, 4, '2007-11-01'),
(83, 12, '2007-11-20'),
(80, 4, '2007-10-30'),
(86, 6, '2007-11-16'),
(88, 9, '2007-11-18'),
(90, 13, '2007-11-18'),
(94, 6, '2007-11-13'),
(92, 5, '2007-11-16'),
(95, 6, '2007-11-08'),
(87, 3, '2007-10-29'),
(97, 4, '2007-10-28'),
(96, 4, '2007-11-18'),
(98, 10, '2007-11-18'),
(100, 8, '2007-11-18'),
(99, 9, '2007-11-13'),
(101, 5, '2007-11-07'),
(109, 6, '2007-11-15'),
(106, 5, '2007-11-04'),
(104, 5, '2007-11-15'),
(105, 9, '2007-11-21'),
(103, 6, '2007-10-31'),
(102, 7, '2007-11-15'),
(113, 8, '2007-11-20'),
(116, 3, '2007-10-31'),
(117, 11, '2007-11-10'),
(119, 2, '2007-07-03'),
(121, 3, '2007-11-01'),
(120, 6, '2007-10-29'),
(118, 9, '2007-11-16'),
(122, 5, '2007-11-19'),
(123, 5, '2007-11-21'),
(125, 6, '2007-11-07'),
(126, 3, '2007-07-15'),
(131, 11, '2007-11-17'),
(132, 10, '2007-10-31'),
(127, 5, '2007-10-31'),
(128, 5, '2007-08-17'),
(129, 7, '2007-11-15'),
(130, 5, '2007-11-16'),
(124, 3, '2007-11-08'),
(134, 7, '2007-10-31'),
(133, 7, '2007-11-02'),
(135, 5, '2007-10-30'),
(138, 8, '2007-11-16'),
(139, 8, '2007-11-21'),
(145, 6, '2007-11-18'),
(150, 8, '2007-11-05'),
(149, 10, '2007-11-10'),
(143, 7, '2007-10-31'),
(148, 6, '2007-10-28'),
(144, 8, '2007-11-15'),
(146, 7, '2007-11-15'),
(147, 5, '2007-11-07'),
(151, 7, '2007-11-01'),
(157, 11, '2007-11-12'),
(155, 12, '2007-11-09'),
(160, 5, '2007-11-15'),
(156, 13, '2007-11-19'),
(158, 7, '2007-11-11'),
(153, 13, '2007-11-16'),
(159, 7, '2007-11-08'),
(152, 12, '2007-11-16'),
(154, 7, '2007-11-15'),
(161, 3, '2007-10-29'),
(165, 6, '2007-11-17'),
(170, 6, '2007-11-01'),
(171, 6, '2007-11-09'),
(168, 7, '2007-11-12'),
(164, 5, '2007-11-01'),
(167, 9, '2007-11-13'),
(162, 12, '2007-11-11'),
(166, 9, '2007-11-06'),
(172, 5, '2007-11-07'),
(169, 6, '2007-10-31'),
(163, 8, '2007-11-16'),
(173, 7, '2007-11-09'),
(174, 6, '2007-11-11'),
(177, 7, '2007-11-04'),
(176, 6, '2007-10-29'),
(175, 5, '2007-11-06'),
(184, 9, '2007-11-21'),
(185, 10, '2007-11-09'),
(182, 4, '2007-10-30'),
(183, 5, '2007-11-09'),
(180, 7, '2007-11-14'),
(188, 4, '2007-11-06'),
(189, 4, '2007-11-01'),
(191, 7, '2007-11-06'),
(196, 4, '2007-10-31'),
(204, 6, '2007-11-16'),
(209, 6, '2007-11-04'),
(181, 4, '2007-11-01'),
(210, 6, '2007-11-18'),
(207, 4, '2007-10-31'),
(206, 4, '2007-11-10'),
(214, 6, '2007-11-19'),
(213, 6, '2007-11-17'),
(205, 7, '2007-11-12'),
(208, 7, '2007-11-18'),
(212, 5, '2007-11-01'),
(190, 9, '2007-11-21'),
(194, 6, '2007-11-15'),
(202, 5, '2007-11-17'),
(201, 6, '2007-11-20'),
(195, 3, '2007-11-05'),
(199, 6, '2007-08-23'),
(203, 5, '2007-10-29'),
(211, 4, '2007-11-07'),
(198, 5, '2007-11-17'),
(179, 6, '2007-11-03'),
(192, 1, '2007-05-26'),
(216, 6, '2007-11-19'),
(219, 7, '2007-11-15'),
(217, 6, '2007-11-11'),
(220, 8, '2007-11-19'),
(222, 3, '2007-11-02'),
(221, 7, '2007-11-18'),
(224, 3, '2007-08-01'),
(225, 5, '2007-11-01'),
(223, 4, '2007-11-13'),
(227, 5, '2007-11-12'),
(226, 7, '2007-11-09'),
(228, 8, '2007-11-05'),
(229, 5, '2007-11-01'),
(230, 5, '2007-11-03'),
(232, 6, '2007-11-16'),
(233, 6, '2007-11-17'),
(235, 4, '2007-11-02'),
(234, 10, '2007-11-21'),
(237, 11, '2007-11-10'),
(236, 6, '2007-11-15'),
(239, 6, '2007-11-07'),
(244, 9, '2007-11-20'),
(245, 7, '2007-11-20'),
(246, 5, '2007-11-01'),
(247, 8, '2007-11-05'),
(240, 7, '2007-11-18'),
(242, 6, '2007-10-31'),
(241, 6, '2007-11-11'),
(243, 9, '2007-11-19'),
(218, 8, '2007-11-12'),
(249, 5, '2007-11-16'),
(248, 8, '2007-11-20'),
(251, 9, '2007-11-15'),
(250, 6, '2007-11-02'),
(252, 5, '2007-11-15'),
(254, 9, '2007-11-15'),
(187, 8, '2007-11-19'),
(257, 8, '2007-11-16'),
(255, 4, '2007-11-17'),
(260, 8, '2007-11-21'),
(256, 4, '2007-11-06'),
(258, 5, '2007-11-15'),
(259, 4, '2007-10-31'),
(231, 5, '2007-11-07'),
(266, 7, '2007-11-13'),
(262, 7, '2007-11-20'),
(263, 4, '2007-10-29'),
(269, 4, '2007-10-29'),
(276, 4, '2007-10-31'),
(268, 4, '2007-11-21'),
(274, 4, '2007-11-18'),
(270, 5, '2007-11-19'),
(273, 3, '2007-10-30'),
(275, 5, '2007-10-28'),
(271, 4, '2007-11-21'),
(267, 3, '2007-11-14'),
(272, 4, '2007-11-10'),
(264, 4, '2007-10-29'),
(277, 6, '2007-11-16'),
(281, 8, '2007-11-21'),
(282, 4, '2007-11-01'),
(284, 4, '2007-11-05'),
(285, 5, '2007-10-31'),
(280, 5, '2007-11-08'),
(287, 6, '2007-11-19'),
(286, 3, '2007-11-03'),
(288, 7, '2007-11-13'),
(289, 4, '2007-11-17'),
(302, 3, '2007-11-13'),
(301, 7, '2007-11-18'),
(297, 3, '2007-10-31'),
(290, 3, '2007-11-04'),
(296, 5, '2007-11-18'),
(294, 7, '2007-11-16'),
(293, 5, '2007-11-08'),
(292, 4, '2007-10-31'),
(299, 5, '2007-11-16'),
(291, 5, '2007-11-13'),
(300, 5, '2007-11-06'),
(298, 5, '2007-10-29'),
(295, 4, '2007-11-18'),
(310, 4, '2007-11-02'),
(315, 3, '2007-11-10'),
(318, 6, '2007-11-07'),
(313, 2, '2007-11-20'),
(304, 6, '2007-11-07'),
(309, 8, '2007-11-20'),
(316, 3, '2007-11-03'),
(306, 3, '2007-11-13'),
(321, 4, '2007-11-11'),
(305, 6, '2007-11-01'),
(314, 4, '2007-10-28'),
(311, 6, '2007-11-20'),
(317, 5, '2007-11-05'),
(312, 5, '2007-11-07'),
(319, 8, '2007-11-15'),
(308, 4, '2007-11-11'),
(303, 4, '2007-11-14'),
(320, 6, '2007-11-16'),
(322, 2, '2007-10-29'),
(328, 7, '2007-10-31'),
(323, 6, '2007-11-03'),
(325, 6, '2007-11-15'),
(324, 2, '2007-10-31'),
(327, 4, '2007-11-09'),
(326, 6, '2007-11-18'),
(334, 2, '2007-11-05'),
(345, 3, '2007-11-15'),
(346, 5, '2007-11-14'),
(351, 3, '2007-11-07'),
(349, 5, '2007-11-07'),
(350, 3, '2007-11-08'),
(348, 4, '2007-11-05'),
(366, 3, '2007-11-12'),
(373, 3, '2007-11-04'),
(369, 5, '2007-11-06'),
(370, 4, '2007-10-31'),
(367, 3, '2007-11-09'),
(379, 2, '2007-11-01'),
(377, 2, '2007-11-14'),
(371, 2, '2007-11-21'),
(361, 1, '2007-06-23'),
(375, 2, '2007-07-19'),
(352, 11, '2007-11-20'),
(359, 5, '2007-11-14'),
(364, 1, '2007-06-23'),
(374, 1, '2007-06-23'),
(363, 3, '2007-11-10'),
(368, 2, '2007-11-01'),
(353, 4, '2007-10-31'),
(387, 4, '2007-11-14'),
(385, 2, '2007-10-31'),
(382, 4, '2007-11-21'),
(384, 3, '2007-11-15'),
(386, 1, '2007-06-25'),
(383, 2, '2007-11-03'),
(390, 5, '2007-11-13'),
(393, 5, '2007-11-12'),
(397, 8, '2007-11-16'),
(394, 2, '2007-11-03'),
(399, 6, '2007-11-16'),
(398, 5, '2007-11-18'),
(396, 2, '2007-07-02'),
(307, 3, '2007-11-07'),
(329, 4, '2007-11-17'),
(338, 1, '2007-06-27'),
(279, 5, '2007-11-13'),
(402, 5, '2007-11-13'),
(391, 2, '2007-11-03'),
(403, 5, '2007-11-11'),
(365, 3, '2007-10-28'),
(339, 1, '2007-06-28'),
(406, 1, '2007-06-28'),
(354, 1, '2007-06-28'),
(347, 5, '2007-11-14'),
(341, 4, '2007-11-15'),
(333, 4, '2007-10-28'),
(278, 3, '2007-11-18'),
(362, 9, '2007-11-17'),
(342, 7, '2007-11-22'),
(360, 7, '2007-11-16'),
(407, 4, '2007-11-09'),
(408, 4, '2007-11-09'),
(409, 23, '2007-11-08'),
(405, 7, '2007-11-14'),
(410, 7, '2007-11-18'),
(358, 4, '2007-11-08'),
(357, 3, '2007-11-17'),
(335, 6, '2007-11-07'),
(332, 3, '2007-11-14'),
(355, 3, '2007-11-01'),
(376, 4, '2007-11-18'),
(330, 3, '2007-11-19'),
(331, 7, '2007-11-20'),
(411, 2, '2007-11-07'),
(380, 4, '2007-11-09'),
(344, 6, '2007-11-15'),
(343, 5, '2007-11-01'),
(356, 3, '2007-11-20'),
(388, 9, '2007-11-19'),
(389, 6, '2007-11-14'),
(413, 4, '2007-11-11'),
(412, 3, '2007-07-30'),
(336, 7, '2007-11-16'),
(415, 3, '2007-11-08'),
(416, 2, '2007-11-04'),
(417, 4, '2007-11-14'),
(426, 7, '2007-11-17'),
(430, 5, '2007-11-16'),
(431, 2, '2007-11-01'),
(432, 3, '2007-10-31'),
(433, 4, '2007-10-31'),
(437, 1, '2007-07-10'),
(434, 5, '2007-11-01'),
(427, 2, '2007-10-31'),
(420, 4, '2007-11-20'),
(428, 2, '2007-10-31'),
(429, 1, '2007-07-10'),
(419, 4, '2007-11-05'),
(418, 3, '2007-10-28'),
(421, 3, '2007-11-21'),
(423, 4, '2007-11-02'),
(424, 3, '2007-11-05'),
(444, 4, '2007-11-15'),
(443, 2, '2007-11-11'),
(445, 5, '2007-11-18'),
(440, 3, '2007-11-11'),
(441, 5, '2007-11-04'),
(439, 4, '2007-11-18'),
(438, 9, '2007-11-17'),
(442, 6, '2007-11-18'),
(454, 4, '2007-10-29'),
(449, 1, '2007-07-13'),
(448, 2, '2007-10-30'),
(451, 5, '2007-11-09'),
(450, 4, '2007-11-20'),
(453, 1, '2007-07-13'),
(456, 4, '2007-11-02'),
(458, 2, '2007-10-31'),
(459, 4, '2007-11-06'),
(446, 2, '2007-11-10'),
(457, 5, '2007-11-16'),
(447, 6, '2007-11-20'),
(460, 3, '2007-11-12'),
(422, 2, '2007-11-02'),
(381, 4, '2007-11-03'),
(464, 34, '2007-11-21'),
(465, 13, '2007-11-18'),
(462, 5, '2007-11-16'),
(461, 11, '2007-11-15'),
(466, 4, '2007-11-16'),
(463, 3, '2007-11-16'),
(467, 5, '2007-11-16'),
(512, 8, '2007-11-16'),
(452, 2, '2007-10-29'),
(392, 3, '2007-11-07'),
(473, 1, '2007-07-25'),
(472, 1, '2007-07-25'),
(474, 1, '2007-07-25'),
(487, 8, '2007-11-18'),
(477, 2, '2007-11-04'),
(482, 2, '2007-10-29'),
(480, 2, '2007-10-28'),
(479, 6, '2007-11-16'),
(486, 8, '2007-10-31'),
(478, 5, '2007-11-05'),
(483, 2, '2007-11-01'),
(481, 3, '2007-11-18'),
(484, 2, '2007-11-01'),
(488, 6, '2007-11-14'),
(485, 5, '2007-11-11'),
(502, 29, '2007-11-22'),
(519, 6, '2007-11-07'),
(491, 2, '2007-11-07'),
(492, 5, '2007-11-19'),
(496, 6, '2007-11-16'),
(494, 3, '2007-11-09'),
(493, 4, '2007-11-13'),
(490, 3, '2007-11-01'),
(500, 3, '2007-11-13'),
(495, 8, '2007-11-18'),
(498, 9, '2007-11-18'),
(499, 4, '2007-11-18'),
(506, 3, '2007-10-30'),
(505, 15, '2007-11-22'),
(497, 5, '2007-11-13'),
(507, 2, '2007-10-28'),
(508, 3, '2007-11-16'),
(503, 10, '2007-11-16'),
(513, 5, '2007-11-18'),
(511, 9, '2007-11-19'),
(514, 3, '2007-11-17'),
(504, 4, '2007-11-15'),
(510, 9, '2007-11-01'),
(516, 3, '2007-11-05'),
(620, 2, '2007-10-22'),
(521, 7, '2007-11-17'),
(517, 6, '2007-11-17'),
(528, 5, '2007-11-05'),
(523, 6, '2007-11-15'),
(520, 2, '2007-11-01'),
(509, 2, '2007-11-14'),
(518, 3, '2007-10-31'),
(550, 3, '2007-10-28'),
(543, 3, '2007-11-05'),
(548, 4, '2007-11-18'),
(540, 3, '2007-11-07'),
(544, 3, '2007-11-06'),
(530, 3, '2007-11-18'),
(542, 3, '2007-11-09'),
(549, 2, '2007-11-05'),
(541, 3, '2007-11-06'),
(551, 5, '2007-11-17'),
(579, 3, '2007-11-05'),
(547, 3, '2007-11-13'),
(534, 3, '2007-11-05'),
(536, 3, '2007-11-13'),
(545, 3, '2007-11-09'),
(539, 3, '2007-11-05'),
(537, 3, '2007-11-05'),
(535, 3, '2007-11-16'),
(546, 2, '2007-11-05'),
(533, 3, '2007-11-13'),
(578, 3, '2007-11-09'),
(554, 6, '2007-11-20'),
(569, 3, '2007-11-03'),
(558, 4, '2007-11-15'),
(560, 4, '2007-11-20'),
(561, 3, '2007-11-01'),
(559, 3, '2007-11-05'),
(552, 2, '2007-11-04'),
(572, 3, '2007-11-08'),
(553, 2, '2007-11-17'),
(563, 3, '2007-11-19'),
(562, 4, '2007-11-06'),
(567, 2, '2007-11-09'),
(582, 6, '2007-11-19'),
(564, 2, '2007-11-01'),
(555, 2, '2007-11-04'),
(586, 4, '2007-11-09'),
(588, 5, '2007-11-15'),
(583, 3, '2007-11-21'),
(601, 3, '2007-11-15'),
(600, 6, '2007-11-18'),
(598, 4, '2007-11-19'),
(599, 6, '2007-11-18'),
(605, 6, '2007-11-16'),
(602, 3, '2007-11-09'),
(593, 8, '2007-11-20'),
(591, 6, '2007-11-08'),
(592, 6, '2007-11-16'),
(606, 3, '2007-11-07'),
(594, 4, '2007-11-18'),
(595, 3, '2007-11-09'),
(608, 2, '2007-11-13'),
(597, 5, '2007-11-16'),
(596, 3, '2007-11-13'),
(590, 5, '2007-11-14'),
(607, 2, '2007-11-09'),
(604, 4, '2007-11-17'),
(609, 2, '2007-11-09'),
(610, 3, '2007-11-14'),
(584, 2, '2007-10-30'),
(611, 2, '2007-11-13'),
(587, 2, '2007-11-09'),
(614, 2, '2007-11-21'),
(612, 4, '2007-11-15'),
(616, 4, '2007-11-11'),
(615, 2, '2007-11-20'),
(585, 1, '2007-09-17'),
(613, 6, '2007-11-17'),
(617, 4, '2007-11-12'),
(603, 3, '2007-11-17'),
(589, 7, '2007-11-11'),
(581, 6, '2007-11-17'),
(565, 4, '2007-11-17'),
(580, 2, '2007-11-08'),
(526, 4, '2007-11-16'),
(527, 6, '2007-11-19'),
(568, 3, '2007-11-20'),
(618, 5, '2007-11-21'),
(621, 4, '2007-11-21'),
(619, 3, '2007-11-20'),
(573, 5, '2007-11-14'),
(628, 4, '2007-11-13'),
(624, 8, '2007-11-17'),
(625, 9, '2007-11-19'),
(631, 3, '2007-11-03'),
(630, 3, '2007-11-16'),
(629, 1, '2007-09-30'),
(632, 2, '2007-11-13'),
(626, 7, '2007-11-16'),
(627, 4, '2007-11-15'),
(633, 3, '2007-10-24'),
(636, 8, '2007-11-16'),
(635, 8, '2007-11-15'),
(637, 4, '2007-11-07'),
(641, 6, '2007-11-12'),
(638, 8, '2007-11-17'),
(639, 9, '2007-11-16'),
(643, 2, '2007-11-18'),
(644, 4, '2007-11-04'),
(642, 1, '2007-10-17'),
(657, 10, '2007-11-20'),
(661, 9, '2007-11-20'),
(656, 1, '2007-10-19'),
(663, 7, '2007-11-21'),
(662, 9, '2007-11-16'),
(685, 5, '2007-11-15'),
(687, 4, '2007-11-14'),
(670, 5, '2007-11-15'),
(684, 4, '2007-11-02'),
(688, 6, '2007-11-15'),
(677, 2, '2007-11-03'),
(681, 1, '2007-10-23'),
(679, 4, '2007-11-11'),
(678, 3, '2007-11-09'),
(689, 8, '2007-11-17'),
(680, 3, '2007-11-11'),
(683, 4, '2007-11-14'),
(686, 2, '2007-11-08'),
(690, 6, '2007-11-20'),
(682, 5, '2007-11-17'),
(691, 5, '2007-11-15'),
(694, 6, '2007-11-13'),
(692, 7, '2007-11-18'),
(714, 6, '2007-11-17'),
(715, 4, '2007-11-14'),
(719, 4, '2007-11-17'),
(716, 5, '2007-11-19'),
(718, 4, '2007-11-19'),
(722, 4, '2007-11-19'),
(725, 5, '2007-11-21'),
(723, 4, '2007-11-19'),
(726, 2, '2007-11-13'),
(724, 2, '2007-11-14'),
(728, 3, '2007-11-21'),
(727, 2, '2007-11-13'),
(713, 1, '2007-11-07'),
(731, 3, '2007-11-21'),
(746, 2, '2007-11-16'),
(747, 2, '2007-11-16'),
(748, 6, '2007-11-19'),
(720, 2, '2007-11-11'),
(745, 1, '2007-11-09'),
(751, 4, '2007-11-20'),
(752, 4, '2007-11-21'),
(753, 3, '2007-11-20'),
(721, 2, '2007-11-13'),
(729, 2, '2007-11-14'),
(778, 2, '2007-11-17'),
(772, 1, '2007-11-15'),
(776, 1, '2007-11-16'),
(779, 2, '2007-11-17'),
(777, 2, '2007-11-20'),
(786, 3, '2007-11-19'),
(771, 1, '2007-11-17'),
(782, 2, '2007-11-19'),
(787, 1, '2007-11-17'),
(785, 1, '2007-11-17'),
(781, 1, '2007-11-17'),
(784, 2, '2007-11-17'),
(774, 1, '2007-11-18'),
(775, 2, '2007-11-21'),
(788, 1, '2007-11-19'),
(789, 1, '2007-11-19'),
(812, 1, '2007-12-03');

-- --------------------------------------------------------

-- 
-- Table structure for table `feature_req_audio`
-- 

DROP TABLE IF EXISTS `feature_req_audio`;
CREATE TABLE `feature_req_audio` (
  `VID` bigint(20) NOT NULL default '0',
  `req` bigint(20) NOT NULL default '0',
  `date` varchar(10) default NULL,
  PRIMARY KEY  (`VID`)
) ENGINE=MyISAM DEFAULT CHARSET=latin1;

-- 
-- Dumping data for table `feature_req_audio`
-- 


-- --------------------------------------------------------

-- 
-- Table structure for table `friends`
-- 

DROP TABLE IF EXISTS `friends`;
CREATE TABLE `friends` (
  `id` bigint(20) NOT NULL auto_increment,
  `UID` bigint(20) NOT NULL default '0',
  `FID` bigint(20) default NULL,
  `friends_name` varchar(100) NOT NULL default '',
  `friends_type` varchar(255) NOT NULL default 'All',
  `invite_date` date NOT NULL default '0000-00-00',
  `friends_status` enum('Pending','Confirmed','DENIED') NOT NULL default 'Pending',
  PRIMARY KEY  (`id`)
) ENGINE=MyISAM DEFAULT CHARSET=latin1 AUTO_INCREMENT=261 ;

-- 
-- Dumping data for table `friends`
-- 

INSERT INTO `friends` (`id`, `UID`, `FID`, `friends_name`, `friends_type`, `invite_date`, `friends_status`) VALUES 
(1, 39, NULL, 'sanros714@yahoo.com', 'All|Friends', '2007-04-08', 'Pending'),
(2, 39, NULL, 'jojie_b72@yahoo.com', 'All|Friends', '2007-04-08', 'Pending'),
(3, 47, NULL, 'alro24@yahoo.com', 'All|Family', '2007-04-09', 'Pending'),
(4, 69, NULL, 'g_classic13@yahoo.com', 'All|Friends', '2007-04-17', 'Pending'),
(5, 74, NULL, 'charlesmicomarasigan@gmail.com', 'All|Family', '2007-04-18', 'Pending'),
(6, 74, NULL, 'myx_mm@yahoo.com', 'All|Family', '2007-04-18', 'Pending'),
(7, 94, NULL, 'oramirez_sa@yahoo.com', 'All|Family', '2007-04-18', 'Pending'),
(8, 103, NULL, 'zliepee_baby@yahoo.com', 'All|Family', '2007-04-19', 'Pending'),
(9, 173, NULL, 'papuwayeh@yahoo.com', 'All|Family', '2007-04-27', 'Pending'),
(10, 173, NULL, 'maibai1825@yahoo.com.ph', 'All|Family', '2007-04-27', 'Pending'),
(11, 177, NULL, 'airinrama@yahoo.com', 'All|Family', '2007-04-28', 'Pending'),
(12, 179, NULL, 'gingerico@yahoo.com', 'All|Family', '2007-04-29', 'Pending'),
(13, 179, NULL, 'toni_caraos', 'All|Family', '2007-04-29', 'Pending'),
(14, 203, NULL, 'kaye_arante@yahoo.com', 'All|Family', '2007-05-03', 'Pending'),
(15, 203, NULL, 'joelsdb@yahoo.com', 'All|Friends', '2007-05-03', 'Pending'),
(16, 203, NULL, 'smaureen@yahoo.com', 'All|Friends', '2007-05-03', 'Pending'),
(17, 203, NULL, 'joelsdb@gmail.com', 'All|Friends', '2007-05-03', 'Pending'),
(18, 217, NULL, 'ray_miranda2767@yahoo.com', 'All|Family', '2007-05-07', 'Pending'),
(19, 217, NULL, 'l.miranda@oberthurcs.com', 'All|Family', '2007-05-07', 'Pending'),
(20, 176, 2, 'Probe', 'All|Friends', '2007-05-07', 'Confirmed'),
(21, 222, NULL, 'maybellefale@yahoo.com', 'All|Family', '2007-05-08', 'Pending'),
(22, 2, 176, 'Jheng Serrano', 'All|Friends', '2007-05-08', 'Confirmed'),
(23, 81, 2, 'Probe', 'All|Friends', '2007-05-08', 'Confirmed'),
(24, 2, 81, 'miket', 'All|Friends', '2007-05-08', 'Confirmed'),
(25, 238, NULL, 'commsoc0708@yahoogroups.com\r\nstscho_302c@yahoogroups.com\r\nstscho_3mcbj@yahoogroups.com\r\nbroad_practi', 'All|Friends', '2007-05-14', 'Pending'),
(26, 235, 2, 'Probe', 'All|Friends', '2007-05-15', 'Confirmed'),
(27, 235, 234, 'fudge28', 'All|Friends', '2007-05-15', 'Confirmed'),
(28, 234, 235, 'dyeymaru', 'All|Friends', '2007-05-15', 'Confirmed'),
(29, 239, NULL, 'gem_agaznog@yahoo.com', 'All|Family', '2007-05-15', 'Pending'),
(30, 239, NULL, 'magsitigil_ka24@yahoo.com', 'All|Family', '2007-05-15', 'Pending'),
(31, 239, NULL, 'spark_my_name@yahoo.com', 'All|Family', '2007-05-15', 'Pending'),
(32, 239, NULL, 'donna_nakar@yahoo.com', 'All|Family', '2007-05-15', 'Pending'),
(33, 239, NULL, 'icay371@yahoo.com', 'All|Friends', '2007-05-15', 'Pending'),
(34, 239, NULL, 'katrina_rocks07@yahoo.com', 'All|Friends', '2007-05-15', 'Pending'),
(35, 239, NULL, 'bry_29@yahoo.com.ph', 'All|Friends', '2007-05-15', 'Pending'),
(36, 239, NULL, 'georgina ocenar@yahoo.com', 'All|Friends', '2007-05-15', 'Pending'),
(37, 229, 2, 'Probe', 'All|Friends', '2007-05-15', 'Confirmed'),
(38, 229, 217, 'luvmiranda_01', 'All|Friends', '2007-05-15', 'Pending'),
(39, 229, 239, 'aiza', 'All|Friends', '2007-05-15', 'Pending'),
(40, 229, 226, 'm_o_dwill', 'All|Friends', '2007-05-15', 'Confirmed'),
(41, 229, 238, 'msbeckham', 'All|Friends', '2007-05-15', 'Pending'),
(42, 2, 229, 'c0ke', 'All|Friends', '2007-05-15', 'Confirmed'),
(43, 2, 235, 'dyeymaru', 'All|Friends', '2007-05-15', 'Confirmed'),
(44, 226, 229, 'c0ke', 'All|Friends', '2007-05-19', 'Confirmed'),
(45, 226, 212, 'Ros', 'All|Friends', '2007-05-21', 'Pending'),
(46, 229, 176, 'Jheng Serrano', 'All|Friends', '2007-05-27', 'Confirmed'),
(47, 176, 229, 'c0ke', 'All|Friends', '2007-05-28', 'Confirmed'),
(48, 216, 3, 'markseno', 'All|Friends', '2007-09-09', 'Confirmed'),
(49, 290, 212, 'Ros', 'All|Friends', '2007-06-08', 'Pending'),
(50, 3, 216, 'msison', 'All|Friends', '2007-06-12', 'Confirmed'),
(51, 305, NULL, 'outlaw_vinz32@yahoo.com', 'All|Family', '2007-06-18', 'Pending'),
(52, 229, 3, 'markseno', 'All|Friends', '2007-06-20', 'Confirmed'),
(53, 3, 229, 'c0ke', 'All|Friends', '2007-06-20', 'Confirmed'),
(54, 323, NULL, 'bothai_ardona@yahoo.com.ph', 'All|Family', '2007-06-27', 'Pending'),
(55, 323, NULL, 'dette_rivera@yaho.com', 'All|Family', '2007-06-27', 'Pending'),
(56, 323, NULL, 'clarisseardona@yahoo.com', 'All|Family', '2007-06-27', 'Pending'),
(57, 323, NULL, 'eigger19@msn.com', 'All|Friends', '2007-06-27', 'Pending'),
(58, 323, NULL, 'mitch02@yahoo.com', 'All|Friends', '2007-06-27', 'Pending'),
(59, 323, NULL, 'bong02@yahoo.com', 'All|Friends', '2007-06-27', 'Pending'),
(60, 323, NULL, 'ucare_fajardo@yahoo.com', 'All|Friends', '2007-06-27', 'Pending'),
(61, 331, NULL, 'teresita.amba@gmail.com', 'All|Family', '2007-06-27', 'Pending'),
(62, 353, NULL, 'joker_hite1@yahoo.com', 'All|Family', '2007-07-04', 'Pending'),
(63, 357, NULL, 'gilbert.v.merto@accenture.com', 'All|Family', '2007-07-04', 'Pending'),
(64, 357, NULL, 'ferinadatoc@yahoo.com', 'All|Family', '2007-07-04', 'Pending'),
(65, 357, NULL, 'epoxz1@yahoo.com', 'All|Family', '2007-07-04', 'Pending'),
(66, 357, NULL, 'neoruiz@yahoo.com', 'All|Friends', '2007-07-04', 'Pending'),
(67, 357, NULL, 'polypolpol@yahoo.com', 'All|Friends', '2007-07-04', 'Pending'),
(68, 357, NULL, 'computercorner18@yahoo.com', 'All|Friends', '2007-07-04', 'Pending'),
(69, 357, NULL, 'fashionista_315@yahoo.com`', 'All|Friends', '2007-07-04', 'Pending'),
(70, 363, NULL, 'karizta12_joy@yahoo.com.ph', 'All|Family', '2007-07-04', 'Pending'),
(71, 363, NULL, 'jhinkhiepaguirigandomingo@yahoo.com.ph', 'All|Friends', '2007-07-04', 'Pending'),
(72, 363, NULL, 'bunny_bee52@yahoo.com', 'All|Friends', '2007-07-04', 'Pending'),
(73, 365, NULL, 'brian@iucn.org', 'All|Friends', '2007-07-05', 'Pending'),
(74, 365, NULL, 'john@coronel.info', 'All|Friends', '2007-07-05', 'Pending'),
(75, 365, NULL, 'caloy311@yahoo.com', 'All|Friends', '2007-07-05', 'Pending'),
(76, 388, NULL, 'acesdoria@yahoo.com', 'All|Friends', '2007-07-09', 'Pending'),
(77, 393, NULL, 'shiely.yadao@gmail.com', 'All|Family', '2007-07-11', 'Pending'),
(78, 415, NULL, 'fannyslims@yahoogroup.com', 'All|Family', '2007-07-17', 'Pending'),
(79, 450, NULL, 'pancitkanton@hotmail.com', 'All|', '2007-07-25', 'Pending'),
(80, 450, NULL, 'tungstenjmj@yahoo.com', 'All|', '2007-07-25', 'Pending'),
(81, 450, NULL, 'fransjmj@yahoo.com', 'All|', '2007-07-25', 'Pending'),
(82, 493, NULL, 'janice_shaye@yahoo.com', 'All|', '2007-08-02', 'Pending'),
(83, 493, NULL, 'tweetydane@yahoo.com', 'All|', '2007-08-02', 'Pending'),
(84, 504, NULL, 'mey100ph@yahoo.com', 'All|', '2007-08-05', 'Pending'),
(85, 504, NULL, 'csnathz_001@yahoo.com.ph', 'All|', '2007-08-05', 'Pending'),
(86, 504, NULL, 'csmackoy@yahoo.com', 'All|', '2007-08-05', 'Pending'),
(87, 509, NULL, 'ninaduenas@yahoo.com', 'All|', '2007-08-06', 'Pending'),
(88, 509, NULL, 'amegilllogronio@yahoo.com', 'All|', '2007-08-06', 'Pending'),
(89, 509, NULL, 'lolit_catral@yahoo.com', 'All|', '2007-08-06', 'Pending'),
(90, 509, NULL, 'gracenasayao@yahoo.com', 'All|', '2007-08-06', 'Pending'),
(91, 535, NULL, 'luzron2003@yahoo.com', 'All|', '2007-08-08', 'Pending'),
(92, 535, NULL, 'gutz_2be_me@yahoo.com', 'All|', '2007-08-08', 'Pending'),
(93, 535, NULL, 'jabp1981@yahoo.com', 'All|', '2007-08-08', 'Pending'),
(94, 535, NULL, 'anagrizel@yahoo.com', 'All|', '2007-08-08', 'Pending'),
(95, 535, NULL, 'rbellocillo@hotmail.com', 'All|', '2007-08-08', 'Pending'),
(96, 535, NULL, 'jess_tuplano7@yahoo.com.ph', 'All|', '2007-08-08', 'Pending'),
(97, 535, NULL, 'canadiangal59@yahoo.com', 'All|', '2007-08-08', 'Pending'),
(98, 535, NULL, 'gm_montano2007@yahoo.com.ph', 'All|', '2007-08-08', 'Pending'),
(99, 537, NULL, 'irenecara1487@yahoo.com', 'All|', '2007-08-09', 'Pending'),
(100, 537, NULL, 'pressduncz@yahoo.com', 'All|', '2007-08-09', 'Pending'),
(101, 537, NULL, 'mikage1226@yahoo.com', 'All|', '2007-08-09', 'Pending'),
(102, 550, NULL, 'mrm_chvz@yahoo.ie', 'All|', '2007-08-10', 'Pending'),
(103, 570, NULL, 'ram20_21@yahoo.com', 'All|', '2007-08-13', 'Pending'),
(104, 570, NULL, 'ramel_muria@yahoo.com', 'All|', '2007-08-13', 'Pending'),
(105, 570, NULL, 'elaineantenor@yahoo.com', 'All|', '2007-08-13', 'Pending'),
(106, 570, NULL, 'earvene_jared@yahoo.com', 'All|', '2007-08-13', 'Pending'),
(107, 590, NULL, 'tabz25@aol.com', 'All|', '2007-08-15', 'Pending'),
(108, 590, NULL, 'salvz_1986@yahoo.com', 'All|', '2007-08-15', 'Pending'),
(109, 590, NULL, 'maimai_babs@yahoo.com', 'All|', '2007-08-15', 'Pending'),
(110, 590, NULL, 'alvinbabs@yahoo.com', 'All|', '2007-08-15', 'Pending'),
(111, 590, NULL, 'kwistets@yahoo.com', 'All|', '2007-08-15', 'Pending'),
(112, 590, NULL, 'arkiriver55@yahoo.com', 'All|', '2007-08-15', 'Pending'),
(113, 636, NULL, 'ahyiesweeety@yahoo.com', 'All|', '2007-08-18', 'Pending'),
(114, 636, NULL, 'pretty24_lala@yahoo.com', 'All|', '2007-08-18', 'Pending'),
(115, 645, NULL, 'mercen52@hotmail.com', 'All|', '2007-08-19', 'Pending'),
(116, 667, NULL, 'tinagoing@yahoo.com', 'All|', '2007-08-22', 'Pending'),
(117, 667, NULL, 'claralina_loilo@yahoo.com', 'All|', '2007-08-22', 'Pending'),
(118, 667, NULL, 'frburt@yahoo.com', 'All|', '2007-08-22', 'Pending'),
(119, 667, NULL, 'junlemz@yahoo.com', 'All|', '2007-08-22', 'Pending'),
(123, 733, NULL, 'ricorreos@yahoo.com', 'All|', '2007-08-29', 'Pending'),
(122, 733, NULL, 'celynecorreos@yahoo.com', 'All|', '2007-08-29', 'Pending'),
(124, 733, NULL, 'sscorreos@yahoo.com', 'All|', '2007-08-29', 'Pending'),
(125, 733, NULL, 'sagbut@lycos.com', 'All|', '2007-08-29', 'Pending'),
(126, 735, NULL, 'ademuna1030@yahoo.com', 'All|', '2007-08-29', 'Pending'),
(127, 735, NULL, 'cutejoy64@yahoo.com', 'All|', '2007-08-29', 'Pending'),
(128, 735, NULL, 'lanya28@yahoo.com', 'All|', '2007-08-29', 'Pending'),
(129, 742, NULL, 'jitsvavasu@hotmail.com', 'All|', '2007-08-30', 'Pending'),
(130, 757, NULL, 'bhim_grg349@yahoo.com', 'All|', '2007-09-01', 'Pending'),
(131, 492, 2, 'Probe', 'All|Friends', '2007-09-05', 'Pending'),
(132, 820, NULL, 'crismina030120@yahoo.co.uk', 'All|', '2007-09-09', 'Pending'),
(133, 824, NULL, 'hanne96@yahoo.com', 'All|', '2007-09-10', 'Pending'),
(134, 834, NULL, 'dafort_dx@yahoo.com', 'All|', '2007-09-12', 'Pending'),
(135, 836, NULL, 'ashley_margarette89@yahoo.com', 'All|', '2007-09-12', 'Pending'),
(136, 836, NULL, 'Allufighter_xang88@yahoo.com', 'All|', '2007-09-12', 'Pending'),
(137, 836, NULL, 'cassia_javanica@yahoo.com', 'All|', '2007-09-12', 'Pending'),
(138, 836, NULL, 'lyn_marz@yahoo.com', 'All|', '2007-09-12', 'Pending'),
(139, 836, NULL, 'lerio_88@yahoo.com', 'All|', '2007-09-12', 'Pending'),
(140, 840, NULL, 'aizatot_bullet@yahoo.com.ph', 'All|', '2007-09-12', 'Pending'),
(141, 840, NULL, 'ewayman@xtra.co.nz', 'All|', '2007-09-12', 'Pending'),
(142, 840, NULL, 'daywalker.mic@gmail.com', 'All|', '2007-09-12', 'Pending'),
(143, 840, NULL, 'mixy_paul@yahoo.com', 'All|', '2007-09-12', 'Pending'),
(144, 840, NULL, 'mixy_paul@yahoo.com', 'All|', '2007-09-12', 'Pending'),
(145, 840, NULL, 'daywalker.mic@gmail.com', 'All|', '2007-09-12', 'Pending'),
(146, 840, NULL, 'aizatot_bullet@yahoo.com.ph', 'All|', '2007-09-12', 'Pending'),
(147, 840, NULL, 'ewayman@xtra.co.nz', 'All|', '2007-09-12', 'Pending'),
(148, 842, NULL, 'cyberlene06@yahoo.com', 'All|', '2007-09-12', 'Pending'),
(149, 844, NULL, 'chel811@hotmail.com', 'All|', '2007-09-12', 'Pending'),
(150, 896, NULL, 'kate_kai200@yahoo.com', 'All|', '2007-09-20', 'Pending'),
(151, 896, NULL, 'edelcudia@yahoo.com', 'All|', '2007-09-20', 'Pending'),
(152, 899, NULL, 'baby_pn@yahoo.com', 'All|', '2007-09-21', 'Pending'),
(153, 899, NULL, 'getpdl6129@yahoo.com', 'All|', '2007-09-21', 'Pending'),
(154, 899, NULL, 'kristine1179@yahoo.com', 'All|', '2007-09-21', 'Pending'),
(155, 899, NULL, 'christina_pdl@yahoo.com', 'All|', '2007-09-21', 'Pending'),
(156, 899, NULL, 'malou_58@yahoo.com', 'All|', '2007-09-21', 'Pending'),
(157, 916, NULL, 'agnesycogo@yahoo.com', 'All|', '2007-09-24', 'Pending'),
(158, 920, NULL, 'kirby_ph@yahoo.com', 'All|', '2007-09-24', 'Pending'),
(159, 920, NULL, 'my_newpictures@yahoo.com', 'All|', '2007-09-24', 'Pending'),
(160, 920, NULL, 'kirby.dave@gmail.com', 'All|', '2007-09-24', 'Pending'),
(161, 938, NULL, 'tomasmonteros@yahoo.com', 'All|', '2007-09-27', 'Pending'),
(162, 938, NULL, 'tomasmonterosjr@yahoo.com', 'All|', '2007-09-27', 'Pending'),
(163, 938, NULL, 'jhulzsummer@yahoo.com', 'All|', '2007-09-27', 'Pending'),
(164, 947, NULL, 'jovita_gomez@yahoo.com', 'All|', '2007-09-29', 'Pending'),
(165, 947, NULL, 'tiffany3521@yahoo.com', 'All|', '2007-09-29', 'Pending'),
(166, 947, 937, 'msher11', 'All|Friends', '2007-09-29', 'Pending'),
(167, 937, 947, 'bind12', 'All|Friends', '2007-09-29', 'Pending'),
(168, 960, NULL, 'jhopot28@yahoo.com', 'All|', '2007-10-03', 'Pending'),
(169, 966, NULL, 'erwindeluna@astec-power.com', 'All|', '2007-10-04', 'Pending'),
(170, 966, NULL, 'frederickgloria@astec-power.com', 'All|', '2007-10-04', 'Pending'),
(171, 966, NULL, 'arnelcatahimican@astec-power.com', 'All|', '2007-10-04', 'Pending'),
(172, 966, NULL, 'josephraroque@astec-power.com', 'All|', '2007-10-04', 'Pending'),
(173, 967, NULL, 'two_bulbs@yahoo.com', 'All|', '2007-10-04', 'Pending'),
(174, 976, NULL, 'chuchay1210@yahoo.com', 'All|', '2007-10-05', 'Pending'),
(175, 976, NULL, 'vickysiguenza@yahoo.com', 'All|', '2007-10-05', 'Pending'),
(176, 976, NULL, 'menzia@yahoo.com', 'All|', '2007-10-05', 'Pending'),
(177, 976, NULL, 'rosalieguevarra@yahoo.com', 'All|', '2007-10-05', 'Pending'),
(178, 980, NULL, 'none', 'All|', '2007-10-05', 'Pending'),
(179, 980, NULL, 'none', 'All|', '2007-10-05', 'Pending'),
(180, 982, NULL, 'regosojanet@yahoo.com', 'All|', '2007-10-06', 'Pending'),
(181, 986, NULL, 'ronacigara017@yahoo.com', 'All|Friends', '2007-10-07', 'Pending'),
(182, 986, NULL, 'ronacigaral017@yahoo.com', 'All|Friends', '2007-10-07', 'Pending'),
(183, 986, NULL, 'ronacigaral017@yahoo.com.ph', 'All|Friends', '2007-10-07', 'Pending'),
(184, 1014, NULL, 'coconuter@gmail.com', 'All|', '2007-10-10', 'Pending'),
(185, 1026, NULL, 'kalipietre@yahoo.com', 'All|', '2007-10-11', 'Pending'),
(186, 1032, NULL, 'jeanniesolis@verizon.net', 'All|', '2007-10-11', 'Pending'),
(187, 1048, NULL, 'eheard1@cox.net', 'All|', '2007-10-13', 'Pending'),
(188, 1060, NULL, 'dennis_delacruz61@yahoo.co.uk', 'All|', '2007-10-16', 'Pending'),
(189, 1060, NULL, 'federicojr.doyog@yahoo.com', 'All|', '2007-10-16', 'Pending'),
(190, 1066, NULL, 'cristine_chan@yahoo.com', 'All|', '2007-10-17', 'Pending'),
(191, 1068, NULL, 'catherinelizardo@yahoo.com', 'All|', '2007-10-17', 'Pending'),
(192, 1068, NULL, 'virgin@yahoo.com', 'All|', '2007-10-17', 'Pending'),
(193, 1075, NULL, 'RIC ROWSHOES @YAHOO.COM', 'All|', '2007-10-17', 'Pending'),
(194, 1079, NULL, 'famepads@yahoo.com', 'All|', '2007-10-18', 'Pending'),
(195, 1079, NULL, 'judepadz@yahoo.com', 'All|', '2007-10-18', 'Pending'),
(196, 1081, NULL, 'csingote@yahoo.com', 'All|', '2007-10-18', 'Pending'),
(197, 1096, NULL, 'joylabqui@hotmail.com', 'All|', '2007-10-21', 'Pending'),
(198, 1096, NULL, 'krane_87@yahoo.com', 'All|', '2007-10-21', 'Pending'),
(199, 1096, NULL, 'alex_leez@yahoo.com', 'All|', '2007-10-21', 'Pending'),
(200, 1096, NULL, 'nicetas.amparo@ph.nestle.com', 'All|', '2007-10-21', 'Pending'),
(201, 1096, NULL, 'yshl_amparo@yahoo.com', 'All|', '2007-10-21', 'Pending'),
(202, 1096, NULL, 'patricio_amparo@yahoo.com.ph', 'All|', '2007-10-21', 'Pending'),
(203, 1096, NULL, 'phink_sm00chy@yahoo.com', 'All|', '2007-10-21', 'Pending'),
(204, 1096, NULL, 'rho_amp1@yahoo.com', 'All|', '2007-10-21', 'Pending'),
(205, 1096, NULL, 'dpa_70@yahoo.com', 'All|', '2007-10-21', 'Pending'),
(206, 1096, NULL, 'Roger.De.Beuckelaer@pandora.be', 'All|', '2007-10-21', 'Pending'),
(207, 1098, NULL, 'mplacandola111@yahoo.com', 'All|', '2007-10-21', 'Pending'),
(208, 1098, NULL, 'missshellus@yahoo.com', 'All|', '2007-10-21', 'Pending'),
(209, 1119, NULL, 'jr_danseco@yahoo.com', 'All|', '2007-10-25', 'Pending'),
(210, 1119, NULL, 'josh_bluetaz23@yahoo.com', 'All|', '2007-10-25', 'Pending'),
(211, 1122, NULL, 'medz13@yahoo.com', 'All|', '2007-10-25', 'Pending'),
(212, 1143, NULL, 'eirol_91@yahoo.com', 'All|', '2007-10-29', 'Pending'),
(213, 1143, NULL, 'sweet_arni@yahoo.com', 'All|', '2007-10-29', 'Pending'),
(214, 1149, NULL, 'sirpidz_323@yahoo.com', 'All|', '2007-10-31', 'Pending'),
(215, 1149, NULL, 'danasiaten@yahoo.com', 'All|', '2007-10-31', 'Pending'),
(216, 1152, NULL, 'power_volcano@yahoo.com', 'All|', '2007-10-31', 'Pending'),
(217, 1152, NULL, 'batangasppo1@yahoo.com.ph', 'All|', '2007-10-31', 'Pending'),
(218, 1152, NULL, 'jusraph@yahoo.com', 'All|', '2007-10-31', 'Pending'),
(219, 1172, NULL, 'dianadoromal@yahoo.com', 'All|', '2007-11-03', 'Pending'),
(220, 1183, NULL, 'reynold_gianan@yahoo.com', 'All|', '2007-11-05', 'Pending'),
(221, 1183, NULL, 'rhezay2k200@yahoo.com', 'All|', '2007-11-05', 'Pending'),
(222, 1183, NULL, 'dangrsolo@yahoo.com', 'All|', '2007-11-05', 'Pending'),
(223, 1183, NULL, 'jo_vbc@yahoo.com', 'All|', '2007-11-05', 'Pending'),
(224, 1199, NULL, 'dual_frozt@yahoo.com', 'All|', '2007-11-09', 'Pending'),
(225, 1199, NULL, 'the_dyosa@yahoo.com', 'All|', '2007-11-09', 'Pending'),
(226, 1199, NULL, 'raecelyn@yahoo.com', 'All|', '2007-11-09', 'Pending'),
(227, 1209, NULL, 'caroline.celeste@yahoo.com.ph', 'All|', '2007-11-14', 'Pending'),
(228, 1209, NULL, 'gefcloyd@yahoo.com', 'All|', '2007-11-14', 'Pending'),
(229, 1209, NULL, 'avic2cathy@yahoo.com', 'All|', '2007-11-14', 'Pending'),
(230, 1209, NULL, 'cutiebabe222002@yahoo.com', 'All|', '2007-11-14', 'Pending'),
(231, 1209, NULL, 'mae_marcera@yahoo.com', 'All|', '2007-11-14', 'Pending'),
(232, 1214, NULL, 'yoh_millatone@yahoo.com', 'All|', '2007-11-14', 'Pending'),
(233, 1214, NULL, 'rox_joy@yahoo.com', 'All|', '2007-11-14', 'Pending'),
(234, 1214, NULL, 'marilynlagman@yahoo.com', 'All|', '2007-11-14', 'Pending'),
(235, 1214, NULL, 'einner_marc@yahoo.com', 'All|', '2007-11-14', 'Pending'),
(236, 1214, NULL, 'jae.ai256@gmail.com', 'All|', '2007-11-14', 'Pending'),
(237, 1214, NULL, 'ree.qnne21@gmail.com', 'All|', '2007-11-14', 'Pending'),
(238, 1214, NULL, 'lei_kei@yahoo.com', 'All|', '2007-11-14', 'Pending'),
(239, 1214, NULL, 'brendenkim@gmail.com', 'All|', '2007-11-14', 'Pending'),
(240, 1229, NULL, 'charles_tomas@yahoo.com', 'All|', '2007-11-17', 'Pending'),
(241, 1229, NULL, 'amsterdam_tomas@yahoo.com', 'All|', '2007-11-17', 'Pending'),
(242, 1229, NULL, 'maricel_ads@yahoo.om', 'All|', '2007-11-17', 'Pending'),
(243, 1229, NULL, 'kulaylila@yahoo.com', 'All|', '2007-11-17', 'Pending'),
(244, 1237, NULL, 'bi21x@yahoo.com', 'All|', '2007-11-18', 'Pending'),
(245, 1238, NULL, 'dxidam1566khz@yahoo.com', 'All|', '2007-11-18', 'Pending'),
(246, 1242, NULL, 'mjmbcruz', 'All|', '2007-11-19', 'Pending'),
(247, 1242, NULL, 'mariellemontanido', 'All|', '2007-11-19', 'Pending'),
(248, 1242, NULL, 'isafojas033096', 'All|', '2007-11-19', 'Pending'),
(249, 1242, NULL, 'bang_barril', 'All|', '2007-11-19', 'Pending'),
(250, 1242, NULL, 'marnz11978', 'All|', '2007-11-19', 'Pending'),
(251, 1242, NULL, 'triciapot2', 'All|', '2007-11-19', 'Pending'),
(252, 1242, NULL, 's1mplerock', 'All|', '2007-11-19', 'Pending'),
(253, 1242, NULL, 'raineticzon', 'All|', '2007-11-19', 'Pending'),
(254, 1296, NULL, 'terefranco16@yahoo.com', 'All|', '2007-11-29', 'Pending'),
(255, 1312, NULL, 'hzel04elizes@yahoo.com', 'All|', '2007-11-30', 'Pending'),
(256, 1347, NULL, 'notym4luv@yahoo.com', 'All|', '2007-12-02', 'Pending'),
(257, 1347, NULL, 'federicosalmon@sbcglobal.net', 'All|', '2007-12-02', 'Pending'),
(258, 1363, NULL, 'lisjp_dayang@yahoo.com', 'All|', '2007-12-03', 'Pending'),
(259, 1364, NULL, 'lovelylhen18@yahoo.com', 'All|', '2007-12-03', 'Pending'),
(260, 1364, NULL, 'little_boggle@yahoo.com', 'All|', '2007-12-03', 'Pending');

-- --------------------------------------------------------

-- 
-- Table structure for table `group_mem`
-- 

DROP TABLE IF EXISTS `group_mem`;
CREATE TABLE `group_mem` (
  `AID` bigint(20) NOT NULL auto_increment,
  `GID` bigint(20) NOT NULL default '0',
  `MID` bigint(20) NOT NULL default '0',
  `member_since` date NOT NULL default '0000-00-00',
  `approved` char(3) NOT NULL default 'yes',
  PRIMARY KEY  (`AID`),
  UNIQUE KEY `GID` (`GID`,`MID`)
) ENGINE=MyISAM DEFAULT CHARSET=latin1 AUTO_INCREMENT=28 ;

-- 
-- Dumping data for table `group_mem`
-- 

INSERT INTO `group_mem` (`AID`, `GID`, `MID`, `member_since`, `approved`) VALUES 
(1, 1, 2, '2007-04-16', 'yes'),
(2, 2, 2, '2007-04-16', 'yes'),
(3, 3, 2, '2007-04-16', 'yes'),
(4, 4, 212, '2007-05-06', 'yes'),
(5, 4, 215, '2007-05-07', 'yes'),
(6, 4, 221, '2007-05-08', 'yes'),
(7, 4, 2, '2007-05-09', 'yes'),
(8, 4, 224, '2007-05-10', 'yes'),
(9, 4, 243, '2007-05-16', 'yes'),
(10, 2, 255, '2007-05-21', 'yes'),
(11, 4, 280, '2007-06-04', 'yes'),
(12, 3, 312, '2007-06-21', 'yes'),
(13, 4, 317, '2007-06-24', 'yes'),
(14, 4, 391, '2007-07-10', 'yes'),
(15, 4, 273, '2007-07-14', 'yes'),
(16, 1, 408, '2007-07-15', 'yes'),
(17, 4, 417, '2007-07-18', 'yes'),
(18, 5, 453, '2007-07-25', 'yes'),
(19, 2, 456, '2007-07-25', 'yes'),
(20, 4, 460, '2007-07-26', 'yes'),
(21, 0, 492, '2007-08-02', 'yes'),
(22, 3, 510, '2007-08-06', 'yes'),
(23, 4, 408, '2007-08-07', 'yes'),
(24, 4, 623, '2007-08-17', 'yes'),
(25, 2, 691, '2007-08-24', 'yes'),
(26, 4, 1115, '2007-10-24', 'yes'),
(27, 1, 1157, '2007-11-01', 'yes');

-- --------------------------------------------------------

-- 
-- Table structure for table `group_own`
-- 

DROP TABLE IF EXISTS `group_own`;
CREATE TABLE `group_own` (
  `GID` bigint(20) NOT NULL auto_increment,
  `gname` varchar(120) NOT NULL default '',
  `keyword` text NOT NULL,
  `gdescn` text NOT NULL,
  `gurl` varchar(80) NOT NULL default '',
  `channel` varchar(120) NOT NULL default '',
  `type` varchar(40) NOT NULL default '',
  `gupload` varchar(40) NOT NULL default '',
  `gposting` varchar(40) NOT NULL default '',
  `gimage` varchar(30) NOT NULL default '',
  `gimage_vdo` bigint(20) default NULL,
  `gcrtime` varchar(30) NOT NULL default '',
  `featured` char(3) NOT NULL default 'no',
  `OID` bigint(20) NOT NULL default '0',
  PRIMARY KEY  (`GID`),
  UNIQUE KEY `GID` (`GID`,`OID`)
) ENGINE=MyISAM DEFAULT CHARSET=latin1 AUTO_INCREMENT=6 ;

-- 
-- Dumping data for table `group_own`
-- 

INSERT INTO `group_own` (`GID`, `gname`, `keyword`, `gdescn`, `gurl`, `channel`, `type`, `gupload`, `gposting`, `gimage`, `gimage_vdo`, `gcrtime`, `featured`, `OID`) VALUES 
(1, 'filmmakers', 'film cinema theater', 'directors, cinematographers', 'filmmakers', '0|11|0', 'public', 'immediate', 'immediate', 'immediate', NULL, '1176792450', 'yes', 2),
(2, 'students', 'school university college', 'students, researchers', 'students', '0|12|0', 'public', 'immediate', 'immediate', 'owner_only', NULL, '1176792519', 'yes', 2),
(3, 'producers', 'production house company', 'writers', 'producers', '0|13|0', 'public', 'immediate', 'immediate', 'immediate', NULL, '1176792590', 'yes', 2),
(4, 'Youth Media', 'Youth Television, Young Reporters, KX, KNN', 'Inspired by the Kabataan News Network (Youth News Network), this group is a venue for young people to share their own video productions.\r\nListen and see the wide range of ideas from the youth of the Philippines and the world. ', 'youthmedia', '0|14|0', 'public', 'immediate', 'immediate', 'immediate', NULL, '1178511534', 'yes', 212),
(5, 'Society of the Holy Friendship', 'friendship, youth, Christian, Filipinos, World Youth Day', 'A community of young ones, young once and young at heart responding to the invitation of Jesus Christ to Holy Friendship (Jn 15: 12-17). Open to all even non-Christians who also practice the commandment to "love one another as God has loved us."', 'holyfriendship', '0|1|12|14|0', 'public', 'owner_approve', 'immediate', 'owner_only', NULL, '1185416802', 'no', 453);

-- --------------------------------------------------------

-- 
-- Table structure for table `group_tps`
-- 

DROP TABLE IF EXISTS `group_tps`;
CREATE TABLE `group_tps` (
  `TID` bigint(20) NOT NULL auto_increment,
  `GID` bigint(20) NOT NULL default '0',
  `UID` bigint(20) NOT NULL default '0',
  `addtime` datetime NOT NULL default '0000-00-00 00:00:00',
  `title` text NOT NULL,
  `VID` bigint(20) NOT NULL default '0',
  `approved` char(3) NOT NULL default 'yes',
  PRIMARY KEY  (`TID`)
) ENGINE=MyISAM DEFAULT CHARSET=latin1 AUTO_INCREMENT=5 ;

-- 
-- Dumping data for table `group_tps`
-- 

INSERT INTO `group_tps` (`TID`, `GID`, `UID`, `addtime`, `title`, `VID`, `approved`) VALUES 
(1, 4, 212, '2007-05-06 21:19:43', 'Welcome Everyone!', 0, 'yes'),
(2, 4, 417, '2007-07-18 09:21:50', 'nid ntin mkagawa ng mga video mga frend!!!\r\nsisikat tyo d2 at mrami tyo m22lungan at maiihatid gmit ang documentary ntin', 0, 'yes'),
(3, 5, 453, '2007-07-25 19:28:45', 'The invitation to holy friendship is not a call to do great things that we will come to that. The first things that we ought to consider are the simple events and occasions in our lives by which we express our love for one another. ', 0, 'yes'),
(4, 4, 408, '2007-08-07 07:53:03', 'Greetings sa mga fellow film makers! Browse nyo po online broadcast ng ISNAYP Rebolusyonaryong Midya ng Bikol at http://isnayp.blogspot.com', 0, 'yes');

-- --------------------------------------------------------

-- 
-- Table structure for table `group_tps_post`
-- 

DROP TABLE IF EXISTS `group_tps_post`;
CREATE TABLE `group_tps_post` (
  `PID` bigint(20) NOT NULL auto_increment,
  `TID` bigint(20) NOT NULL default '0',
  `UID` bigint(20) NOT NULL default '0',
  `VID` bigint(20) default NULL,
  `post` text NOT NULL,
  `date` datetime NOT NULL default '0000-00-00 00:00:00',
  PRIMARY KEY  (`PID`)
) ENGINE=MyISAM DEFAULT CHARSET=latin1 AUTO_INCREMENT=1 ;

-- 
-- Dumping data for table `group_tps_post`
-- 


-- --------------------------------------------------------

-- 
-- Table structure for table `group_vdo`
-- 

DROP TABLE IF EXISTS `group_vdo`;
CREATE TABLE `group_vdo` (
  `AID` bigint(20) NOT NULL auto_increment,
  `GID` bigint(20) NOT NULL default '0',
  `VID` bigint(20) NOT NULL default '0',
  `MID` bigint(20) NOT NULL default '0',
  `approved` char(3) NOT NULL default 'yes',
  PRIMARY KEY  (`AID`),
  UNIQUE KEY `GID` (`GID`,`VID`)
) ENGINE=MyISAM DEFAULT CHARSET=latin1 AUTO_INCREMENT=2 ;

-- 
-- Dumping data for table `group_vdo`
-- 

INSERT INTO `group_vdo` (`AID`, `GID`, `VID`, `MID`, `approved`) VALUES 
(1, 4, 151, 212, 'yes');
